38346,water,grits,mozzarella cheese,salt
35962,water,dill,sugar,buttermilk,onions,red beets,cucumber,boiled eggs,salt
49388,black pepper,salt,white sandwich bread,whole milk,Maggi,unsalted butter,all-purpose flour,cooked ham,mushrooms,sour cream
15753,white pepper,salt,eggs,unsalted butter,bread crumb fresh,chicken breasts,bread,milk
39356,white cabbage,salt,extra-virgin olive oil,dill,radishes,persian cucumber,white wine vinegar
9660,large eggs,all-purpose flour,melted butter,boiling water,salt
24891,red wine vinegar,orange peel,orange juice,sugar,beets,butter
43304,sauerkraut,parsley,sour cream,black peppercorns,potatoes,dill,pork,bay leaves,carrots,beef,garlic,onions
14844,cottage cheese,lemon rind,eggs,cinnamon,sour cream,flour,lemon juice,sugar,salt
16450,ground black pepper,salt,bay leaves,dark brown sugar,clove,apple cider,fresh ham,dijon mustard,beer
21896,mayonaise,salt,turkey hot dogs,green onions,potatoes,dill pickles,eggs,peas
20024,apples,sea salt,cabbage,water,beets,ginger
18003,sugar,golden delicious apples,apple juice,ground black pepper,butter,bay leaf,ground cloves,red wine vinegar,applesauce,red cabbage,salt,onions
44986,salmon fillets,lemon,onions,tomatoes,sturgeon fillets,sour cream,capers,butter,bay leaf,tomato paste,pickles,fish stock,olives
27609,milk,cinnamon,cottage cheese,large eggs,farmer cheese,sugar,unsalted butter,all-purpose flour,water,baking powder
26207,large eggs,granny smith apples,baking powder,powdered sugar,cake,granulated sugar,all-purpose flour
48190,olive oil,cider vinegar,smoked kielbasa,mustard,flat leaf parsley,sweet onion,boiling potatoes
6769,black pepper,whole milk,garlic cloves,tomatoes,parmigiano reggiano cheese,salt,boiling potatoes,ground chuck,large eggs,dry bread crumbs,unsalted butter,vegetable oil,onions
46134,canning salt,beets,water
37600,sauerkraut,chopped onion,potatoes,dill pickles,olive oil,beets,salt,carrots
36716,mustard,olive oil,peas,red bell pepper,corn,sea salt,carrots,mayonaise,ground pepper,fat,pickles,potatoes,lemon juice
35131,kosher salt,grated nutmeg,sugar,almond extract,confectioners sugar,ground cinnamon,large eggs,fresh lemon juice,granny smith apples,all-purpose flour
12061,warm water,salt,flour,oil,active dry yeast,all-purpose flour,sugar,apples,canola oil
3800,vegetable oil,large eggs,all-purpose flour,sweet potatoes,scallions,black pepper,salt
37863,milk,potatoes,ham,sugar,dijon mustard,green onions,plain yogurt,radishes,salt,fresh dill,ground black pepper,egg yolks,cucumber
37994,ground pork,ground black pepper,ground beef,eggs,salt,flour,onions
17692,sugar,vegetable oil,reduced sodium chicken broth,dill,pierogi,diced tomatoes,caraway seeds,Turkish bay leaves,onions
44485,almonds,raisins,sugar,butter,yeast,eggs,flour,salt,milk,lemon
43396,parsnips,ground black pepper,extra-virgin olive oil,sour cream,savoy cabbage,granny smith apples,red wine vinegar,beets,fresh dill,fresh thyme,salt,onions,chicken stock,honey,bacon,carrots
11624,shallots,paprika,cognac,wide egg noodles,canned beef broth,beef tenderloin,fresh dill,vegetable oil,button mushrooms,dijon mustard,butter,crème fraîche
25616,water,lean ground beef,fresh parsley,eggs,ground black pepper,salt,cabbage,tomato sauce,finely chopped onion,cooked white rice,white vinegar,garlic powder,ground pork,white sugar
5170,semolina,raisins,eggs,flour,cottage cheese,butter,splenda granular,vanilla sugar,sour cream
25970,eggs,golden raisins,salt,cold milk,milk,white rice,margarine,ground cinnamon,cake,vanilla extract,white sugar,warm water,butter,all-purpose flour
26539,vanilla,oil,whole milk,cream cheese,rolls,sour cream,whipped cream,condensed milk
19277,shredded cabbage,oregano,mayonaise,salt,lettuce,butter,pepper,bread slices
38010,kosher salt,unsalted butter,shallots,garlic,beef tenderloin steaks,fresh dill,sherry vinegar,large eggs,grapeseed oil,all-purpose flour,olive oil,truffle oil,fresh thyme leaves,crème fraîche,sugar,ground black pepper,beef stock,portabello mushroom,sour cream
44258,BACARDI® Mixers Margarita Mix,blueberries,BACARDI® Superior,orange juice
25341,evaporated milk,sour cream,cooked ham,lasagna noodles,cottage cheese,salt,eggs,ground black pepper
41273,butter,onions,sherry vinegar,salt,sultana,apples,red cabbage,freshly ground pepper
13197,water,bay leaves,tomatoes,olive oil,garlic cloves,sauerkraut,russet potatoes,black peppercorns,pork chops
31493,pepper,red wine vinegar,sour cream,red beets,chopped onion,water,salt,new potatoes,pork country-style ribs
29646,unsalted butter,parsley,salt,white wine,flour,worcestershire sauce,yellow onion,beef bouillon,sirloin steak,"egg noodles, cooked and drained",ground black pepper,mushrooms,bacon,sour cream
47798,mayonaise,raspberry preserves,baking soda,all-purpose flour,sugar,egg whites,eggs,unsalted butter,lemon juice
22044,eggs,active dry yeast,heavy cream,grated nutmeg,citron,vanilla beans,granulated sugar,salt,lemon juice,slivered almonds,unsalted butter,currant,ground cardamom,saffron threads,milk,golden raisins,all-purpose flour,confectioners sugar
1373,caraway seeds,vegetable oil,egg noodles,large eggs,unsalted butter
23233,peas,diced onions,cornichons,mayonaise,waxy potatoes,hard-boiled egg,carrots
37568,butter,sliced green onions,egg noodles,poppy seeds
35611,cold water,lemon zest,farmer cheese,eggs,sea salt,oil,potato starch,baking powder,sour cherries,pure vanilla extract,sugar,all-purpose flour,lemon juice
49317,egg noodles,sour cream,green bell pepper,cooking spray,beef consomme,condensed french onion soup,flank steak
32133,shredded cheddar cheese,mashed potatoes,salt,pepper
7478,pasta,Philadelphia Cooking Creme,beef stew meat,mushrooms,yellow onion
20419,shortening,finely chopped onion,ice water,dill,fresh dill,water,dry white wine,salt,lemon juice,eggs,pepper,mushrooms,red pepper,long-grain rice,salmon fillets,milk,butter,all-purpose flour
30047,potatoes,onions,water,mushrooms,vegetables,salt,sugar,flour,yeast
10687,pickling salt,water,fresh tarragon,vinegar,garlic,red chili peppers,pickling cucumbers
20638,turnips,potatoes,beef broth,pepper,diced tomatoes,sour cream,red cabbage,salt,onions,cider vinegar,sliced carrots,beets
4495,shredded cheddar cheese,potatoes,onions,chicken bouillon,sauerkraut,salt,pepper,evaporated milk,all-purpose flour,green cabbage,water,butter
5976,cod fillets,fresh parsley,pepper,lemon,potatoes,onions,water,salt
30329,beef shoulder,beef consomme,pickled beets,onions,fresh dill,veal,heavy cream,sliced mushrooms,pullman loaf,mint leaves,salt,eggs,ground black pepper,wonton wrappers,dill
3673,nonfat yogurt,purple onion,fresh dill,1% low-fat milk,yukon gold potatoes,dill tips,red wine vinegar,beets
37983,eggs,vegetables,salt,water,baking powder,sugar,flour,milk,butter
33701,red potato,honey,coarse salt,scallions,crawfish,dijon mustard,large garlic cloves,hass avocado,salmon,ground black pepper,lemon,lemon juice,avocado,fresh cilantro,shallots,wine vinegar
44169,radishes,sugar,scallions,red wine vinegar,kosher salt,dried red chile peppers
22583,hard-boiled egg,cream,imitation crab meat,mayonaise,peas,corn,onions
30063,white bread,ground meat,vegetable oil,bread crumbs,onions,salt
34849,warm water,large eggs,buttermilk,fresh parsley,ground black pepper,butter,garlic cloves,chicken thighs,ketchup,cooking oil,salt,onions,vinegar,all purpose unbleached flour,sour cream
5025,chopped fresh chives,dry bread crumbs,pepper,butter,fresh parsley,eggs,vegetable oil,lemon juice,water,salt,boneless skinless chicken breast halves
5566,chopped celery,freshly ground pepper,sour cream,homemade vegetable stock,dill,lemon juice,dried mushrooms,sugar,all-purpose flour,garlic cloves,flat leaf parsley,coarse salt,beets,hot water
37402,olive oil,lean ground beef,red bell pepper,ground black pepper,ground allspice,fresh parsley,hungarian paprika,salt,cooked white rice,tomato sauce,large eggs,garlic cloves,onions
10808,semolina flour,canola oil,eggs,white sugar,all-purpose flour,cottage cheese
17796,powdered sugar,Jell-O Gelatin,pastry,agar,sugar,egg whites,water,lemon
3036,vinegar,walnuts,baking soda,poppy seeds,sour cream,sugar,flour,cocoa powder,unsalted butter,extra large eggs,sweetened condensed milk
35237,eggs,balsamic vinegar,dill weed,potatoes,cucumber,fresh leav spinach,salt,white sugar,sorrel,green onions,sour cream
29071,fennel seeds,parsley leaves,sea salt,olive oil,balsamic vinegar,onions,smoked streaky bacon,red cabbage,apples,ground black pepper,butter
24706,white vinegar,minced garlic,worcestershire sauce,carrots,sugar,lean ground beef,paprika,fresh parsley,green cabbage,low sodium chicken broth,sea salt,bay leaf,no-salt-added diced tomatoes,vegetable oil,yellow onion,long grain white rice
45861,large eggs,salt,vegetable oil,sour cream,potatoes,all-purpose flour,pepper,whipping cream,caviar
17161,powdered sugar,raisins,phyllo pastry,unsalted butter,caramel ice cream,granny smith apples,walnuts,sugar,salt
31529,brown sugar,olive oil,carrots,ketchup,bay leaves,onions,pork,cabbage head,sour cream,pepper,salt
7489,turnips,flanken short ribs,large garlic cloves,beets,chopped parsley,cabbage,water,lemon,butter oil,sour cream,celery root,parsnips,potatoes,dill,carrots,broth,tomato paste,ground black pepper,coarse sea salt,allspice berries,onions
5423,prepared horseradish,beets
41997,bread crumbs,ground pork,onions,eggs,garlic powder,chopped parsley,olive oil,salt,mayonaise,ground pepper,ground turkey
16770,white bread,ground black pepper,garlic cloves,ground chuck,dry bread crumbs,canola oil,mayonaise,unsalted butter,onions,kosher salt,dill
47561,ground black pepper,red wine vinegar,garlic cloves,onions,parsnips,vegetable oil,beets,bay leaf,celery ribs,beef,salt,carrots,marjoram,savoy cabbage,leeks,dill,sour cream
34116,milk,crème fraîche,fresh dill,large eggs,all-purpose flour,smoked salmon,unsalted butter,buckwheat flour,kosher salt,baking powder
33194,vodka,all-purpose flour,butter,hazelnuts,confectioners sugar,salt
5410,arrowroot,jelli strawberri,raspberries,strawberries,sugar,vanilla,blackberries,water,blackcurrant syrup
25609,saffron threads,unsalted butter,all-purpose flour,water,whole milk,active dry yeast,salt,sugar,large eggs
33510,canned chopped tomatoes,beets,low-fat sour cream,russet potatoes,fresh parsley,green cabbage,lemon wedge,fresh lemon juice,olive oil,vegetable broth,onions
31046,candied orange peel,milk,granulated sugar,almond extract,lemon juice,pure vanilla extract,warm water,large egg yolks,rum,all-purpose flour,slivered almonds,active dry yeast,large eggs,salt,powdered sugar,water,unsalted butter,golden raisins,ground cardamom
30064,frozen raspberries,sugar,cold water,corn starch,milk
22482,water,white rice,onions,chicken breasts,cayenne pepper,ground black pepper,salt,ketchup,butter,carrots
38123,milk,baking yeast,eggs,hard-boiled egg,plain flour,unsalted butter,cabbage,caster sugar,salt
27522,ground black pepper,purple onion,fresh lemon juice,beef,salt,bamboo shoots,bell pepper,dill,mild olive oil,bay leaves,garlic cloves
29003,pepper,salt,eggs,russet potatoes,canned peas and carrots,dill pickles,white onion,low-fat mayonnaise
25579,sugar,large eggs,vanilla extract,corn starch,large egg yolks,whole milk,salt,hazelnuts,dried apricot,cake flour,powdered sugar,unsalted butter,baking powder,apricot preserves
9485,pepper,sour cream,eggs,butter,onions,bread crumbs,salt,white bread,milk,ground beef
34608,eggs,flour,tart apples,sugar
26028,sugar,oil,raisins,baking powder,eggs,all-purpose flour
31153,sea salt,whey,water,beets
23066,olive oil,all purpose unbleached flour,hot sauce,onions,warm water,vinegar,ground pork,sour cream,melted butter,ground pepper,buttermilk,garlic cloves,ketchup,large eggs,salt,ground turkey
39168,mashed potatoes,potatoes,salt,jeera,bread crumb fresh,chili powder,sauce,chaat masala,soy sauce,capsicum,tomato ketchup,bamboo shoots,tomatoes,vinegar,cracked black pepper,oil,chopped garlic
25196,fresh dill,sweet onion,salt,frozen peas,pickles,parsley,carrots,pepper,white wine vinegar,cucumber,mayonaise,hard-boiled egg,waxy potatoes
11291,fresh dill,hot dogs,sweet peas,horseradish sauce,eggs,white pepper,russet potatoes,dill pickles,mayonaise,green onions,hot chili sauce,oregano,regular sour cream,fresh cilantro,cracked black pepper,carrots
6343,bouillon,mushrooms,paprika,red bell pepper,salmon fillets,watercress,corn starch,onions,hollandaise sauce,shallots,salt,sour cream,eggs,flour,butter,ground white pepper,long grain white rice
38169,large eggs,buckwheat flour,sugar,butter,melted butter,whole milk,all-purpose flour,active dry yeast,salt
32276,fresh dill,butter,meat
38628,fresh dill,carrots,pickled beets,onions,vegetable oil,sour cream,celery ribs,beef broth,boiling potatoes
28784,radishes,liquid,fresh dill,pickled beets,buttermilk,sour cream,seedless cucumber,salt
1671,carrots,potatoes,onions,beets,cabbage,beef tenderloin steaks
20975,pierogi,onions,cremini mushrooms,garlic cloves,dough,unsalted butter,boiling water,dried porcini mushrooms,flat leaf parsley
23056,chicken broth,potatoes,pork loin chops,olive oil,salt,onions,water,bay leaves,sour cream,large eggs,dill
1880,vodka,pitted prunes,caraway seeds,half & half,sugar,vanilla,large egg yolks
658,black peppercorns,sliced black olives,beef base,stewed tomatoes,oil,cabbage,light sour cream,water,dry white wine,lemon,allspice berries,cooked chicken breasts,capers,hillshire farms low fat sausage,salami,chopped celery,dill pickles,tomato paste,fresh dill,bay leaves,spices,salt,onions
2796,salmon fillets,butter,shiitake,puff pastry,water,long grain white rice,eggs,leeks
14817,ground black pepper,butter,salt,carrots,water,shredded cabbage,canned tomatoes,beets,potatoes,diced tomatoes,dried dillweed,chopped green bell pepper,heavy cream,chopped onion,celery
14818,black pepper,fresh thyme leaves,flat leaf parsley,unsalted butter,walnuts,olive oil,salt,onions,kasha,large eggs,hot water
2619,mayonaise,beets,potatoes,eggs,salt,pepper
31531,butter,garlic cloves,celery root,potatoes,beef broth,sour cream,pepper,salt,carrots,beef roast,parsley,dill,onions
37890,milk,yeast,eggs,salt,sugar,all-purpose flour,vegetable oil
3922,beef soup bones,salt,olive oil,onions,sauerkraut,sour cream,baking potatoes,chile sauce
49426,black peppercorns,unsalted butter,bay leaves,salt,sausages,dried mushrooms,hungarian sweet paprika,water,whole peeled tomatoes,kalamata,dill pickles,onions,tomato paste,ground black pepper,beef stock,garlic,ham,marjoram,capers,veal,mushrooms,all-purpose flour,dill weed,pickle juice
8004,potatoes,onions,butter,bacon,mozzarella cheese,cream cheese
32739,fresh rosemary,freshly grated parmesan,red russian kale,onions,minced garlic,Vegeta Seasoning,chickpeas,tomato sauce,ground black pepper,tuscan sausage,chicken stock,olive oil,tomatoes with juice,chopped fresh sage
17732,celery ribs,gelatin,carrots,peppercorns,pig,salt,dark turkey meat,pork,veal,bay leaf,broth,ground black pepper,garlic cloves,onions
39601,caraway seeds,cider vinegar,potatoes,salt,onions,celery stick,chopped tomatoes,butter,carrots,fresh dill,honey,vegetable stock,beets,black pepper,red cabbage,passata,sour cream
46750,dried tarragon leaves,salt,fresh mushrooms,cabbage,butter,cream cheese,marjoram,pepper,all-purpose flour,onions,eggs,basil dried leaves,dried dillweed,white sugar
2045,potatoes,all-purpose flour,ground chicken,beaten eggs,ground beef,vegetable oil,yellow onion,ground black pepper,salt
26397,potatoes,salt,carrots,chicken broth,leeks,dried dillweed,dill weed,half & half,all-purpose flour,bay leaf,ground black pepper,butter,fresh mushrooms
3108,crusty bread,freshly ground pepper,green bell pepper,extra-virgin olive oil,kosher salt,sausages,mustard,sauerkraut,onions
38724,water,beets,cabbage,tomato purée,potatoes,carrots,red lentils,vinegar,oil,fresh dill,salt,onions
34372,milk,golden raisins,farmer cheese,unsalted butter,lemon,confectioners sugar,bread crumb fresh,large eggs,sauce,filo,granulated sugar,vanilla extract,sour cream
29186,ground black pepper,salt,sour cream,tomatoes,lamb stew meat,beets,cabbage,fresh dill,red wine vinegar,lemon juice,canola oil,bay leaves,beef broth,onions
28178,granulated sugar,unsalted pistachios,sauce,turbinado,heavy cream,large egg yolks
49685,sugar,baking powder,salt,unsalted butter,raisins,squirt,lemon,all-purpose flour,ground cinnamon,large eggs,apples
43861,mayonaise,yellow onion,russet potatoes,oil,salt and ground black pepper,beets,herring fillets,carrots
14877,sugar,large egg yolks,heavy cream,fresh lemon juice,poppy seed filling,active dry yeast,golden raisins,all-purpose flour,milk,lemon zest,salt,warm water,unsalted butter,vanilla
5232,large eggs,all-purpose flour,coarse salt,large egg yolks,crème fraîche,yukon gold potatoes,ground white pepper
17357,white vinegar,salt,fat-free buttermilk,cucumber,green onions,fresh dill,beets
8632,water,bittersweet chocolate,sugar
40907,pancetta,vegetable oil,spelt flour,egg yolks,salt,onions,black pepper,buttermilk,garlic cloves,bear,all-purpose flour
875,flour,cherry pie filling,milk,apples,sugar,egg yolks,egg whites,salt
1715,powdered sugar,egg whites,meringue,dried fruit,egg yolks,sour cream,dough,unsalted butter,walnuts,sugar,flour,flour for dusting
583,seasoning,all-purpose flour,onions,sugar,cream cheese,eggs,lean beef,boiling water,salt,jelly
46014,eggs,vanilla,applesauce,water,salt,clarified butter,sugar,cheese,sour cream,egg yolks,all-purpose flour
1991,medium zucchini,spices,pork loin,yellow onion,salt
13305,celery ribs,herbs,salt,onions,fresh dill,vegetable stock,carrots,cabbage,turnips,ground black pepper,butter,sour cream,bread,bay leaves,juice,eating apple
29150,horseradish root,white vinegar,beets,sugar,coarse salt
49703,olive oil,lemon wedge,fronds,salmon caviar,smoked salmon,pumpernickel bread,cream cheese,salmon fillets,chopped fresh chives,fresh lemon juice
21526,cold water,green onions,cucumber,potatoes,dill,vinegar,salt,sour cream,hard-boiled egg,ham
48183,reduced-fat sour cream,boneless skinless chicken breast halves,chopped onion,butter,low salt chicken broth,paprika,plum tomatoes
11147,semolina flour,onions,soft goat's cheese,large eggs,unsalted butter,table salt,cream cheese
45062,eggs,butter,cabbage,pepper,salt,milk,all-purpose flour,active dry yeast,white sugar
18202,powdered sugar,large egg yolks,salt,heavy whipping cream,sugar,large eggs,apricot preserves,ground cinnamon,ground cloves,blanched hazelnuts,greek yogurt,grated orange peel,unsalted butter,all-purpose flour,unsweetened cocoa powder
29449,potatoes,onions,pepper,salt,water,fresh parsley,fish fillets,lemon
31807,finely chopped fresh parsley,butter,dried dillweed,black pepper,boneless skinless chicken breasts,all-purpose flour,cold water,large eggs,lemon,garlic powder,vegetable oil,dry bread crumbs
6488,plain yogurt,garlic cloves,kasha,zucchini,onions,olive oil,red bell pepper,chicken broth,large eggs
13336,granulated sugar,all-purpose flour,eggs,vanilla extract,walnuts,baking powder,cream cheese,unsalted butter,cocktail cherries
30065,eggs,salt,onions,bay leaves,carrots,vegetable oil,ground beef,potatoes,dill tips
24827,sugar,egg yolks,unsalted butter,cream cheese,vanilla sugar,cottage cheese,whipping cream
42006,mashed potatoes,all-purpose flour,prepared horseradish,caviar,fresh dill,sour cream,vegetable oil
4996,chicken broth,pepper,frozen pastry puff sheets,all-purpose flour,fresh dill,salt and ground black pepper,button mushrooms,long grain white rice,eggs,water,butter,lemon juice,salmon fillets,finely chopped onion,salt,cabbage
7434,ground black pepper,salt,mayonaise,hard-boiled egg,lemon juice,roast breast of chicken,potatoes,sweet peas,pickles,spicy brown mustard,carrots
276,gold potatoes,purple onion,carrots,low-fat mayonnaise,dill pickles,kosher salt,white wine vinegar,ham,hard-boiled egg,sweet peas
40011,extra sharp white cheddar cheese,vegetable oil,onions,water,large eggs,all-purpose flour,ground nutmeg,baking potatoes,black pepper,unsalted butter,salt
38129,baking apples,all-purpose flour,butter,eggs,vanilla extract,baking powder,white sugar
35586,kale,crushed red pepper flakes,kosher salt,russet potatoes,onions,reduced sodium chicken broth,olive oil,spanish chorizo,pepper,large garlic cloves
20276,water,onions,pork,flour,eggs,beef,black pepper,salt
7431,beef broth,onions,red wine vinegar,cucumber,black pepper,beets,salt,sour cream
47870,olive oil,beef tenderloin,heavy cream,onions,unsalted butter,chopped parsley,button mushrooms
37945,pepper,garlic,carrots,celery ribs,potatoes,dill,onions,water,salt,sour cream,fresh dill,lemon,beets,cabbage
49586,horseradish,beets,cider vinegar,salt,sugar
6258,sorrel,unsalted butter,scallions,onions,celery ribs,fresh dill,salt,sour cream,parsnips,hard-boiled egg,carrots,boiling potatoes,chicken stock,ground black pepper,dill,fresh parsley
42195,vanilla,unsalted butter,all-purpose flour,poppy seeds,sugar,salt
3814,sugar,salt,melted butter,instant yeast,milk,all-purpose flour,eggs,vegetable oil
10937,olive oil,salt,plain flour,parsley,onions,potatoes,sour cream,eggs,butter,smoked rashers
19547,chicken stock,milk,salt,yeast,sugar,confit,softened butter,eggs,flour,chopped walnuts,cumin,orange,plums,chopped cilantro
26128,raisins,sugar,all-purpose flour,eggs,salt,vegetable oil,farmer cheese
13397,fresh dill,vegetable oil,diced tomatoes,beets,beef stock,red wine vinegar,yellow onion,sour cream,stew meat,shredded cabbage,large garlic cloves,rolls,pepper,russet potatoes,salt,carrots
29981,plain flour,buttermilk,baking powder,xanthan gum,butter,eggs,buckwheat flour
10434,water,garlic cloves,pierogi,salt,fresh dill,bacon slices,savoy cabbage,olive oil,onions
1274,parsnips,ground black pepper,vegetable oil,salt,sour cream,cremini mushrooms,bay leaves,vegetable broth,sauerkraut juice,marjoram,fresh dill,leeks,cracked black pepper,ground allspice,celery,caraway seeds,sauerkraut,dry white wine,garlic,carrots
17029,water,extra-virgin olive oil,fresh lemon juice,celery root,tomato paste,coarse salt,freshly ground pepper,chopped parsley,cabbage,store bought low sodium chicken stock,red wine vinegar,garlic cloves,onions,dry white wine,beets,carrots,short rib
23324,sugar,cinnamon,fresh blueberries,all-purpose flour,egg whites,salt,cold water,egg yolks,sour cream
43188,vodka,sour cherries,sugar
47524,large egg yolks,salt,brandy,baking powder,walnuts,ground cloves,vanilla extract,powdered sugar,unsalted butter,all-purpose flour
37834,large eggs,maple syrup,granulated sugar,buttermilk,baking soda,butter,all-purpose flour,kosher salt,vegetable oil,jam
47105,sugar,salt,semisweet chocolate,confectioners sugar,unsalted butter,all-purpose flour,large eggs,bittersweet chocolate
15713,water,egg yolks,sour cream,egg whites,salt,yeast,milk,butter,caviar,sugar,flour,buckwheat flour
41955,chopped nuts,cocoa,butter,eggs,baking powder,vanilla extract,plain flour,rum,apples,sugar,cinnamon
10977,eggs,dried apricot,ginger,nutmeg,kosher salt,cinnamon,dried cranberries,kasha,granny smith apples,golden raisins,dark brown sugar,melted butter,milk,raisins
22372,fresh dill,vegetables,sour cream,sauerkraut,salt,red potato,whole wheat flour,green beans,pepper,vegetable oil,onions
12278,fresh dill,hard-boiled egg,button mushrooms,puff pastry,ground black pepper,butter,lemon juice,salmon,parsley,beaten eggs,basmati rice,lemon zest,sea salt,onions
24434,turnips,black pepper,bay leaves,butter,garlic cloves,onions,parsnips,potatoes,parsley,beets,sour cream,chuck,tomato paste,dried allspice berries,meat,soup bones,carrots,cabbage,cold water,water,beef base,salt,lemon juice,celery root
29191,black pepper,garlic,sour cream,eggplant,all-purpose flour,water,salt,onions,tomatoes,paprika,fresh lemon juice
43723,unsalted butter,black pepper,chicken stock,fine sea salt,poussins
42146,stevia,sour cream,strawberries,brown sugar
44372,kosher salt,marjoram,tarragon,flat leaf parsley,large egg whites,chicken
39446,water,dill seed,sugar,salt,white wine vinegar,seedless cucumber,garlic cloves
12938,mustard,green onions,sour cream,water,sausages,eggs,dill,potatoes,cucumber
35458,eggs,active dry yeast,raisins,powdered sugar,flour,sprinkles,sugar,egg yolks,vanilla,milk,butter,salt
37977,vegetables,green cabbage,salt,tomato paste
40706,raspberry jam,butter,semisweet chocolate,salt,eggs,flour,chopped walnuts,sugar,chocolate
39088,eggs,black pepper,salt,pickles,green peas,fresh dill,potatoes,mayonaise,boneless skinless chicken breasts
14272,mushrooms,beef broth,onions,olive oil,diced tomatoes,garlic cloves,dried thyme,top sirloin steak,cayenne pepper,egg noodles,all-purpose flour,fresh parsley
45563,honey,whipping cream,slivered almonds,poppy seeds,whole wheat cereal,raisins,chopped walnuts,water,vanilla,boiling water
34747,olive oil,salt,onions,pepper,bay leaves,garlic cloves,cabbage,tomatoes,potatoes,beets,dried parsley,water,lemon,carrots
14727,chicken broth,minced onion,all-purpose flour,boiling water,white wine,heavy cream,freshly ground pepper,savoy cabbage,unsalted butter,salt,cooked white rice,pork,lemon,chopped onion,wild mushrooms
45892,sugar,vegetable oil,coffee,salad oil,milk,salt,eggs,flour,yeast
28051,fresh spinach,egg yolks,salt,garlic cloves,onions,fresh dill,milk,vegetable oil,lemon rind,"cream cheese, soften",pepper,mushrooms,all-purpose flour,lemon juice,salmon fillets,granulated sugar,butter,long-grain rice,sour cream
26897,fresh ginger,lavender,raspberries,whey,cinnamon sticks,cayenne,beets,water,stevia
17563,salt,water,yeast,baking powder,sugar,all-purpose flour
39681,pitted black olives,stewing beef,stewed tomatoes,sausages,tomato paste,pepper,mushrooms,lemon slices,sour cream,pickles,flour,salt,carrots,capers,water,parsley root,ham,onions
42925,pure vanilla extract,large egg whites,salt,powdered sugar,baking soda,lemon juice,peppermint extract,large egg yolks,all-purpose flour,white vinegar,sugar,cookies,sour cream
34237,flour,parsley root,pepper,shredded cabbage,carrots,tomato paste,bay leaves,pork stock,sauerkraut,butter,celery
5390,large eggs,heavy cream,black pepper,vegetable oil,dry bread crumbs,cremini mushrooms,chopped fresh chives,salt,unsalted butter,ground veal,white sandwich bread
33810,mace,cinnamon,cardamom,slivered almonds,peaches,ginger,confectioners sugar,honey,flour,jam,blackberries,eggs,baking soda,butter,lemon juice
30652,celery ribs,ground black pepper,cauliflower florets,green pepper,ground cayenne pepper,water,butter,canned tomatoes,fresh lemon juice,green cabbage,potatoes,whipping cream,dried dillweed,onions,red beets,red pepper,salt,carrots
43323,celery ribs,fennel bulb,peas,marjoram,spelt,shallots,carrots,olive oil,lemon,thyme,fennel fronds,dandelion greens,red russian kale
493,eggs,water,fresh shiitake mushrooms,fresh dill,frozen pastry puff sheets,butter,bottled clam juice,dry white wine,long grain white rice,salmon fillets,leeks,crème fraîche
32192,baking soda,whole milk,all-purpose flour,smoked salmon,trout caviar,salt,sugar,large eggs,buckwheat flour,unsalted butter,chives,sour cream
31997,sugar,milk,almond extract,softened butter,grated lemon peel,mixed fruit,unsalted butter,beaten eggs,toasted slivered almonds,warm water,active dry yeast,vanilla extract,ground cardamom,slivered almonds,water,flour,salt,confectioners sugar
43391,coconut oil,flour,all-purpose flour,molasses,vanilla extract,ground cinnamon,baking soda,salt,sugar,raisins,hot water
40502,large eggs,salt,sugar,vegetable oil,milk,butter,flour
38832,ground cloves,unsalted butter,ground allspice,ground cinnamon,large egg yolks,lemon zest,large egg whites,semisweet chocolate,blanched almonds,sugar,almonds,salt
27105,warm water,large eggs,active dry yeast,all purpose unbleached flour,mozzarella cheese,havarti cheese,unsalted butter,salt
33228,salt,large eggs,cake flour,water,all-purpose flour
28868,boiled eggs,salt,mayonaise,potatoes,ham,fresh dill,pepper,sweet peas,pickles,green onions,carrots
23231,celery ribs,cider vinegar,potatoes,beets,onions,tomato purée,chopped tomatoes,butter,sour cream,caraway seeds,honey,vegetable stock,carrots,black pepper,red cabbage,salt,dill weed
24575,warm water,whole wheat flour,crème fraîche,eggs,milk,vegetable oil,all-purpose flour,sugar,active dry yeast,salt,smoked salmon,fresh chives,unsalted butter,buckwheat flour
47437,potatoes,sausages,dill pickles,cucumber,hard-boiled egg,carrots,mayonaise,ham,onions
37976,dried fruit,sugar,water
19874,nutmeg,butter,thyme,pepper,beef broth,onions,light cream,lemon juice,eggs,salt,ground beef
37333,granulated sugar,whipping cream,blanched almonds,cream style cottage cheese,salt,egg yolks,vanilla extract,butter,candied fruit
18846,eggs,all-purpose flour,sea salt,ground beef,water,garlic cloves,ground pork,onions
46150,black pepper,salt,fresh parsley,vegetable oil,sour cream,water,garlic cloves,onions,tomato sauce,paprika,chicken pieces
44786,large eggs,fresh mushrooms,dried porcini mushrooms,vegetable broth,boiling water,vegetable oil,garlic cloves,buckwheat groats,onions
413,sugar,smoked kielbasa,salt,cabbage,unsalted butter,onions,red potato,beer
40044,beef shank,canned beef broth,savoy cabbage,russet potatoes,carrots,fresh dill,red wine vinegar,onions,nonfat yogurt,beets
31418,butter,fresh lemon juice,chopped onion,cabbage,shredded carrots,beets,beef broth,sour cream
33740,pepper,bay leaves,salt,radishes,meat,cucumber,kefir,green onions,dill,eggs,potatoes,parsley,sour cream
37122,vodka,chuck roast,greek style plain yogurt,onions,fresh dill,red beets,yukon gold potatoes,carrots,horseradish,kosher salt,red cabbage,garlic cloves,canola oil,sugar,lower sodium beef broth,red wine vinegar,ground white pepper
20601,milk,salt,smoked salmon,large eggs,buckwheat flour,unsalted butter,crème fraîche,fresh dill,baking powder,all-purpose flour
9574,eggs,heavy cream,sour cream,milk,buckwheat flour,active dry yeast,all-purpose flour,sugar,salt
13879,ground black pepper,filet,fresh coriander,lemon,onions,fresh basil,red wine vinegar,scallions,dried basil,salt
19314,sugar,unsalted butter,salt,cream cheese,powdered sugar,large egg yolks,vanilla extract,farmer cheese,honey,large eggs,all-purpose flour,orange juice,rhubarb,vegetable oil spray,whole milk,strawberries,ground cardamom
17661,fish fillets,water,sea salt,fresh parsley,reduced sodium vegetable broth,potatoes,shrimp,celery stick,olive oil,carrots,onions,pepper,bay leaves,Mrs. Dash
23235,chicken broth,ground black pepper,potato flakes,celery,white kidney beans,soy sauce,garlic,red bell pepper,onions,white vinegar,water,beets,chicken-flavored soup powder,white sugar,green bell pepper,potatoes,carrots,dill weed
30274,brussels sprouts,caraway seeds,extra-virgin olive oil
20291,ketchup,fine sea salt,garlic cloves,chuck,caraway seeds,paprika,cayenne pepper,marjoram,olive oil,all-purpose flour,hot water,tomato paste,worcestershire sauce,hot sauce,onions
578,capsicum,chicken,tamarind juice,oil,ketchup,salt,teas,onions
30128,hazelnuts,all-purpose flour,vanilla extract,butter,powdered sugar,salt
1712,mayonaise,fresh peas,medium shrimp,rock shrimp,kosher salt,yukon gold potatoes,fresh dill,sweet onion,carrots,pickles,large eggs
37656,ground cloves,granulated sugar,all-purpose flour,walnut halves,unsalted butter,baking powder,whole almonds,superfine sugar,baking spray,pure vanilla extract,kosher salt,large eggs
27185,water,Tabasco Pepper Sauce,beets,onions,black peppercorns,potatoes,hot sauce,lemon juice,ground cumin,kidney beans,salt,oil,cabbage,sugar,bay leaves,mrs. dash seasoning mix,carrots
16239,olive oil,caviar,baking potatoes,chopped fresh chives,sour cream
3586,sugar,butter,all-purpose flour,active dry yeast,salt,milk,heavy cream,egg yolks,buckwheat flour
48629,ground cinnamon,vegetable oil,vanilla extract,large eggs,apples,large curd cottage cheese,sugar,butter,salt,water,hoop cheese,all-purpose flour
8386,water,bay leaves,lemon juice,cabbage,cooking oil,beets,onions,ketchup,potatoes,freshly ground pepper,broth,kidney beans,dill,carrots
4021,cold water,sugar,flour,salt,eggs,finely chopped onion,garlic,fresh parsley,chopmeat,pepper,egg yolks,farmer cheese,mashed potatoes,finely chopped fresh parsley,corn oil,scallions
21947,eggs,vegetable oil,cabbage,potatoes,salt,ground black pepper,butter,flour,onions
19762,cider vinegar,vegetable oil,salt,large eggs,pickled beets,onions,red cabbage,baking potatoes,dry bread crumbs,black pepper,chopped fresh chives,confit duck leg
12682,sugar,milk,butter,all-purpose flour,brandy,large eggs,vanilla extract,blanched almonds,warm water,active dry yeast,raisins,grated lemon zest,powdered sugar,dried orange peel,golden raisins,salt
46916,ground cloves,baking soda,cinnamon,nonfat vanilla yogurt,pitted date,dried apricot,salt,whole wheat pastry flour,ground nutmeg,raisins,eggs,honey,baking powder,chopped walnuts
24152,cooking oil,celery,flour,black pepper,beef stock cubes,potatoes,onions
37988,sugar,frozen raspberries,starch,water
24418,sugar,unsalted butter,heavy cream,canola oil,milk,egg yolks,vanilla extract,kosher salt,flour,poppy seeds,eggs,active dry yeast,lemon,ground poppy seed
38105,sauerkraut,salt,mushrooms,sour cream,ground black pepper,chopped onion,vegetable oil
23213,mayonaise,fresh parsley,olive oil,salmon,onions,eggs,baking potatoes
11487,Belgian endive,red wine vinegar,chives,vegetable oil,dijon mustard,walnut oil
45332,cold water,chocolate glaze,butter,lemon juice,dark chocolate,egg whites,all-purpose flour,eggs,unsalted butter,vanilla extract,sugar,agar,condensed milk
33356,whole grain mustard,salt,bay leaf,brandy,crimini mushrooms,oil,beef steak,beef stock,crème fraîche,onions,pepper,butter,flat leaf parsley
31916,min,flour,salt,sugar,raisins,glaze,powdered sugar,egg yolks,oil,melted butter,milk,vanilla,yeast
20728,powdered sugar,ricotta cheese,oil,baking soda,vanilla extract,sugar,buttermilk,eggs,vinegar,all-purpose flour
37459,large eggs,ricotta cheese,sour cream,melted butter,green onions,salt,whole milk,whipping cream,black pepper,baking powder,all-purpose flour
28582,ground cinnamon,cheese,ground allspice,unsalted butter,all-purpose flour,sugar,salt,dried cranberries,large eggs,toasted walnuts
12586,fresh dill,lean ground beef,all-purpose flour,unsalted butter,ice water,onions,ground black pepper,butter,lard,hard-boiled egg,salt
39154,soft goat's cheese,coriander seeds,large eggs,butter,cayenne pepper,fresh cilantro,ground black pepper,havarti cheese,all purpose unbleached flour,hot water,sugar,feta cheese,green onions,large garlic cloves,ramps,pure olive oil,active dry yeast,lemon zest,coarse salt,salt,fresh mint
23366,chopped walnuts,light mayonnaise,carrots,garlic
17373,water,baking powder,sweetened condensed milk,sugar,white chocolate chips,vanilla,eggs,cool whip,poppy seeds,chocolate truffle,flour,chopped walnuts
24390,ground black pepper,salt,pepper,pork loin,thyme,black peppercorns,bay leaves,oil,milk,garlic,dried rosemary
27090,unsalted butter,milk,preserves,all-purpose flour,active dry yeast
46930,milk,rum,salt,warm water,flour,lemon,blanched almonds,sugar,dry yeast,butter,candied fruit,vanilla beans,egg yolks,raisins
47769,water,vegetable oil,sour cream,caraway seeds,unsalted butter,salt,onions,cold water,large egg yolks,baking potatoes,double-acting baking powder,fresh dill,large eggs,all-purpose flour,cabbage
7757,unsalted butter,salt,bread crumb fresh,cinnamon,walnuts,sugar,baking potatoes,all-purpose flour,large egg yolks,plums
10392,tomatoes,cracked black pepper,ground coriander,ground cumin,boneless skinless chicken breasts,green pepper,rapeseed oil,plain yogurt,salt,garlic cloves,tomato paste,chili powder,gingerroot,onions
26020,sliced almonds,dried apricot,candy sprinkles,bread flour,sponge,instant yeast,rum,vanilla extract,unsalted butter,cooking spray,buttermilk,sugar,large eggs,golden raisins,salt
93,fresh dill,green onions,pepper,salt,european cucumber,purple onion,tomatoes,olive oil
16182,sweet onion,green bell pepper,tomatoes,sour cream,fresh dill
8286,sugar,salt,eggs,water,sour cream,white pepper,beets,sour salt,lemon,boiling potatoes
24133,malt,hops,barley,yeast,flaked oats
25627,black peppercorns,leeks,dill,onions,caraway seeds,potatoes,parsley,carrots,green cabbage,radishes,bay leaves,garlic cloves,tomatoes,beef stock,butter,sour cream
31423,fresh dill,baking soda,buckwheat flour,black pepper,large eggs,sour cream,sugar,unsalted butter,all-purpose flour,smoked salmon,milk,salt
36431,egg whites,salt,hard-boiled egg,cabbage,sugar,butter,flour,cream cheese
1238,sugar,cranberries,potato flour,water
450,granulated sugar,vanilla,unsalted butter,golden raisins,confectioners sugar,large eggs,salt,whole milk,all-purpose flour
12027,tomato juice,whipping cream,beets,onions,fresh dill,green onions,salt,carrots,potatoes,canned tomatoes,garlic cloves,cabbage,water,butter,green pepper,celery
43601,fresh orange,granulated sugar,salt,unsalted butter,golden raisins,confectioners sugar,active dry yeast,whole milk,blanched almonds,warm water,large eggs,all-purpose flour
39992,kosher salt,yukon gold potatoes,carrots,mayonaise,hard-boiled egg,beets,fresh dill,ground black pepper,yellow onion,sour cream,granny smith apples,rosé wine,filet
16518,cottage cheese,baking potatoes,unsalted butter,plain whole-milk yogurt,large eggs,black pepper,salt
37985,vegetables,dill tips,sour cream,green cabbage,potatoes,garlic cloves,beef,beets,onions,tomato paste,salt,carrots
39336,chicken broth,red pepper flakes,dill,pork sausages,pepper,white rice,ground beef,minced garlic,salt,onions,tomato sauce,tomatoes with juice,venison,cabbage
1498,sugar,unsalted butter,salt,eggs,milk,raisins,sour cream,panettone,flour,lemon juice,powdered sugar,active dry yeast,vanilla
48736,eggs,milk,vanilla extract,pure vanilla extract,sugar,sprite,semi-sweet chocolate morsels,powdered sugar,flour,sour cream,unflavored gelatin,cool whip,heavy whipping cream
7584,sugar,coarse kosher salt,purple onion,white wine vinegar,black peppercorns,cinnamon sticks
40482,ground chicken,salt,large eggs,panko breadcrumbs,olive oil,onions,cremini mushrooms,flour
23072,powdered sugar,cinnamon,sour cream,cottage cheese,salt,sugar,vanilla,eggs,flour,oil
16757,sugar,sour cherries,dry white wine,almond extract,syrup,corn starch
22047,rye bread,water,active dry yeast,sugar,raisins
29285,water,parsley,gingerroot,cabbage,old-fashioned oatmeal,potatoes,garlic,dill weed,italian seasoning,black pepper,Tabasco Pepper Sauce,herb seasoning,ground beef,mustard,prepared horseradish,worcestershire sauce,ground turkey,condensed golden mushroom soup
34624,yeast,white sugar,raisins,cherries
37978,active dry yeast,butter,eggs,flour,green cabbage,vegetables,salt,sugar,half & half
46007,water,dill,tomato paste,vegetable oil,green cabbage,sauerkraut,onions,pepper,salt
10694,sugar,egg whites,powdered sugar,milk,butter,milk chocolate,egg yolks,roasted hazelnuts,Nutella
41302,white vinegar,garlic powder,black pepper,sweet paprika,sugar,salt,water,cucumber
33864,fennel seeds,molasses,butter,cocoa powder,brown sugar,ground espresso,salt,caraway seeds,wheat bran,rye flour,yeast,warm water,apple cider vinegar,all-purpose flour
8514,fresh dill,egg yolks,sliced mushrooms,ground black pepper,salt,salmon,pastry dough,onions,spinach,hard-boiled egg,thyme leaves
47209,Velveeta,sour cream,olive oil,onions,salt,pepper,steak
47814,pickles,rabbit,brine,cheddar cheese,green onions,salt,eggs,potatoes,green peas,mayonaise,Tabasco Pepper Sauce,carrots
1936,sugar,vinegar,oxtails,salt,carrots,celery,sauerkraut,leeks,hen,beets,wheat flour,onions,black pepper,potatoes,butter,dill,thyme,fresh parsley,tomato purée,bouillon cube,bay leaves,large garlic cloves,fat,sour cream,white peppercorns
33296,mashed potatoes,sour cream,flour,eggs,canola oil,shredded mozzarella cheese
24803,chopped fresh chives,kosher salt,leg of lamb,black pepper,garlic cloves,olive oil,flat leaf parsley
42351,sugar,mushrooms,onions,melted butter,milk,salt,pepper,butter,eggs,flour,ground beef
46384,lemon,salt,whole milk
41624,pepper,sour cream,cabbage,cold water,salt,onions,white vinegar,garlic,bay leaf,chuck,tomatoes,lemon juice,white sugar
40912,honey,butter,all-purpose flour,pure vanilla extract,granulated sugar,extra large eggs,sour cream,baking soda,lemon,toasted walnuts,superfine sugar,dark rum,salt
40839,sugar,water,walnuts,pierogi,dried apricot,apricot brandy,unsalted butter,dough,bread crumb fresh,cinnamon
30050,tomato paste,rice,onions,vegetable oil,carrots,salt,ground beef,parsley sprigs,garlic cloves,cabbage
34855,seeds,red bell pepper,coriander seeds,cilantro sprigs,kosher salt,red wine vinegar,fresh basil leaves,jalapeno chilies,garlic cloves
27782,unflavored gelatin,heavy cream,apricot jam,cold water,unsalted butter,cake flour,bittersweet chocolate,cream of tartar,large eggs,salt,unsweetened cocoa powder,sugar,vanilla,confectioners sugar
27502,powdered sugar,baking soda,sour cream,eggs,honey,sweet biscuit crumbs,sugar,ground walnuts,liquid honey,butter-margarine blend,flour
37556,pepper,butter,carrots,tomatoes,potatoes,salt,onions,turnips,red cabbage,non-fat sour cream,chopped parsley,cider vinegar,vegetable stock,beets
25056,rye bread,yeast,raisins,white sugar,mint leaves
15195,sorrel,ground pepper,yellow onion,cream,fresh thyme,celery,starchy potatoes,unsalted butter,carrots,kosher salt,vegetable broth,basmati rice
37984,vegetables,smoked sausage,onions,tomato paste,green onions,ham,olives,bay leaves,salt,pork butt,capers,lemon,sour cream
11028,fresh dill,potatoes,salt,potato starch,water,mushrooms,bread crumbs,flour,eggs,milk,butter
34648,eggs,baking powder,milk,salt,black pepper,vegetable oil,potatoes,all-purpose flour
45788,vanilla beans,corn starch,large egg yolks,milk,sugar,vanilla extract
41306,tomato paste,water,salt,sour cream,olives,pickles,butter,ham,brine,chicken broth,flour,dill,chopped cilantro,celery ribs,pepper,lemon,carrots,onions
30460,eggs,white flour,rosemary,apples,sliced mushrooms,sugar,milk,butter,dill,cabbage,brown sugar,pepper,whole wheat flour,salt,onions,celery salt,warm water,active dry yeast,poppy seeds,oil
41928,smoked salmon,milk,salt,sour cream,sugar,unsalted butter,all-purpose flour,eggs,active dry yeast,buckwheat flour,caviar,water,vegetable oil,dill tips
18360,pepper,crumbs,salt,eggs,minced onion,paprika,sour cream,tomato juice,ground sirloin,green pepper,shortening,flour,stewed tomatoes
35486,salt,onions,white vinegar,freshly ground pepper,water,cucumber,sweet paprika
12224,dried fruit,cold water,hot water,honey,potato starch,cinnamon sticks
15725,bread crumb fresh,green onions,sardines,olive oil,all-purpose flour,grated lemon peel,halibut fillets,large garlic cloves,fresh parsley,large eggs,sauce
46453,black pepper,baking potatoes,chopped fresh chives,all-purpose flour,large eggs,salt,parsnips,vegetable oil,fresh lemon juice
21778,cold water,sugar,fresh lemon juice,potato starch,granny smith apples,sour cream,ground cinnamon,cranberry juice,brown sugar,gingersnap
40,active dry yeast,white sugar,warm water,salt,baking soda,bread flour,milk,cornmeal
45565,water,bay leaf,white vinegar,salt,garlic,turnips,beets
37979,vegetables,salt,buckwheat groats,white button mushrooms,onions
15553,unsalted butter,golden raisins,"cream cheese, soften",water,dried apricot,salt,honey,orange marmalade,all-purpose flour,large eggs,cinnamon,confectioners sugar
29241,milk,eggs,yeast,melted butter,flour,sugar
23041,baking soda,sugar,vanilla extract,eggs,flour,granny smith apples
20092,salad dressing,boneless skinless chicken breasts,onions,apricot preserves
2204,cold water,pork loin,carrots,dill weed,potatoes,beets,celery,cabbage,pepper,salt,sour cream,onions,flour,garlic cloves,tomato soup
13869,powdered sugar,fine sea salt,large egg whites,walnut halves,unsweetened cocoa powder,vanilla extract
46273,whole milk,unsalted butter,all-purpose flour,coarse salt,large eggs
23384,sugar,vegetable oil,baking soda,vanilla extract,eggs,flour,salt,milk,butter
5015,mayonaise,ground pork,pepper,Italian seasoned breadcrumbs,ground chicken,salt,eggs,water,onions
37369,eggs,egg whites,onions,cottage cheese,sour cream,olive oil,biscuit mix,sugar,nonstick spray,caviar
30934,all-purpose flour,unsalted butter,large eggs,water,dill
9081,active dry yeast,coarse salt,sugar,large eggs,plain whole-milk yogurt,warm water,chopped fresh chives,unsalted butter,all-purpose flour
28937,black pepper,vegetable oil,beef,all-purpose flour,sauerkraut,salt,scallion greens,large eggs
45915,eggs,vegetable oil,dry bread crumbs,garlic powder,lemon,fresh parsley,water,butter,dried dillweed,ground black pepper,all-purpose flour,boneless skinless chicken breast halves
37980,sugar,salt,pumpkin,water,rice,butter
4260,green cabbage,pepper,vegetable bouillon,lemon,sour cream,tomato purée,red beets,mushrooms,salt,fresh dill,kidney beans,butter,carrots,tomatoes,water,gold potatoes,purple onion,celery
15822,hungarian sweet paprika,bell pepper,caraway seeds,beef broth,rib eye steaks,olive oil,garlic cloves,tomato paste,balsamic vinegar
8603,veal tongue,hot red pepper flakes,beef broth,clove,horseradish,large garlic cloves,sour cream,sweet gherkin,lettuce leaves,California bay leaves,cold water,unflavored gelatin,vegetable oil,fresh lemon juice
10742,sugar,yeast,rye bread,water,raisins
23351,mayonaise,salt,black pepper,pomegranate juice,red wine vinegar,pork,onions
24992,vegetable oil,onions,warm water,salt,eggs,baking potatoes,pepper,all-purpose flour
36128,eggplant,onions,green bell pepper,red wine vinegar,tomatoes,vegetable oil,white sugar,water,salt
42427,flour,sugar,oil,milk,eggs,salt
3877,light mayonnaise,chopped parsley,waxy potatoes,cornichons,frozen peas,carrots
13299,sugar,vegetable oil,eggs,flour,salt,ground cinnamon,brandy,butter,powdered sugar,baking powder
2169,warm water,light molasses,large eggs,whipping cream,ground cinnamon,baking soda,semisweet chocolate,light corn syrup,all-purpose flour,ground ginger,golden brown sugar,unsalted butter,baking powder,salt,ground cloves,crystallized ginger,peeled fresh ginger,vanilla extract
48294,honey,yeast,raisins,white sugar,lemon
44618,shallots,crackers,capers,sweet paprika,unsalted butter,"cream cheese, soften",caraway seeds,anchovy fillets
49129,golden brown sugar,vegetable oil,toasted walnuts,dried tart cherries,all-purpose flour,applesauce,unsalted butter,vanilla extract,farmer cheese,large eggs,salt,cream cheese
40813,olive oil,garlic cloves,tagliatelle,cayenne pepper,sour cream,beets,flat leaf parsley,butter,fresh lemon juice
1148,celery ribs,green bell pepper,russet potatoes,sour cream,caraway seeds,olive oil,garlic cloves,onions,hungarian sweet paprika,parsnips,canned beef broth,fresh parsley,tomatoes,beef,carrots
27842,eggs,pepper,carrots,pickles,salt,mayonaise,potatoes,frozen peas,granny smith apples,dill
7132,shallots,sour cream,hungarian hot paprika,bacon fat,onions,hungarian sweet paprika,diced tomatoes,lard,olive oil,veal scallops,marjoram
31951,lemon extract,heavy cream,ground almonds,cottage cheese,golden raisins,candied fruit,sugar,egg yolks,vanilla extract,vanilla beans,lemon,cream cheese
43442,sliced almonds,raisins,dried apricot,salt,honey,poppy seeds,sugar,cinnamon,pearl barley
4341,coriander seeds,garlic cloves,cider vinegar,cayenne pepper,salt,onions,vegetable oil,carrots
46867,cottage cheese,salt,milk,eggs,all-purpose flour
4891,chopped tomatoes,fresh tomatoes,cabbage,sauerkraut,barley,bacon
49428,low-fat plain yogurt,cooked beetroot,salt,dressing,caster sugar,small new potatoes,sour cream,beans,shallots,gherkins,tomatoes,fennel,creamed horseradish,arugula
11327,unsalted butter,sugar,cream cheese,candied orange peel,ricotta cheese,vanilla beans
42038,olive oil,beef tenderloin,sour cream,cremini mushrooms,dijon mustard,all-purpose flour,fresh dill,unsalted butter,salt,black pepper,shallots,beef broth
16260,eggs,salt,flour,sour cream,butter,sugar,farmer cheese
7481,unsalted butter,vegetable oil,spinach leaves,chopped fresh chives,all-purpose flour,fresh dill,whole milk,large eggs,salt
3544,sugar,chopped hazelnuts,condensed milk,vinegar,poppy seeds,baking soda,butter,sour cream,eggs,flour,salt
8583,Baileys Irish Cream Liqueur,vodka,vanilla ice cream,Godiva Chocolate Liqueur
4529,fruit,extra light olive oil,sour cream,powdered sugar,large eggs,all-purpose flour,white vinegar,baking soda,salt,sugar,raisins,farmer cheese
38006,tomato paste,kosher salt,red cabbage,chopped onion,sour cream,fresh dill,water,baking potatoes,garlic cloves,canola oil,parsnips,cider vinegar,light beer,beets,celery root,sugar,ground black pepper,button mushrooms,carrots
31091,capsicum,lemon juice,ground cumin,chat masala,salt,onions,low-fat plain yogurt,chili powder,fillets,olive oil,gingerroot,chopped garlic
19560,sugar,cream cheese,butter,eggs,whipped cream,flour,condensed milk
8880,lemon extract,cream cheese,cottage cheese,currant,sour cream,unsalted butter,blanched almonds,caster sugar,vanilla extract
2347,semolina flour,canola oil,all-purpose flour,cottage cheese,eggs,white sugar
20114,fresh dill,active dry yeast,buckwheat flour,caviar,eggs,milk,fine salt,clarified butter,sugar,unsalted butter,lemon juice,smoked salmon,water,lemon zest,"cream cheese, soften"
37982,eggs,salt,flour,potatoes,sour cream,vegetable oil
42757,baking soda,raisins,unsweetened applesauce,honey,baking powder,chopped walnuts,ground cloves,ground nutmeg,salt,oat bran,whole wheat flour,vegetable oil,orange juice
980,pepper,pearl barley,salt,celery,chicken stock,gherkins,potatoes,carrots
20614,olive oil,paprika,Mrs. Dash,pepper,large garlic cloves,salt,soy sauce,butter,whipping cream,water,sirloin steak,all-purpose flour
1268,milk,heavy cream,sour cream,unsalted butter,buckwheat flour,active dry yeast,salt,caviar,sugar,large eggs,all-purpose flour
6926,minced garlic,salt,pepper flakes,spices,ground lamb,finely chopped fresh parsley,white sandwich bread,plain yogurt,purple onion
9171,fresh dill,hard-boiled egg,salt,white onion,cornichons,chopped parsley,pepper,Hellmann's® Real Mayonnaise,frozen peas,shrimp tails,creamer potatoes,carrots
8780,capers,large egg yolks,waxy potatoes,broad beans,white wine vinegar,carrots,celery stick,unsalted butter,lemon juice,beans,gherkins
49061,kidney beans,boiling potatoes,beets,pickles,carrots,vegetable oil,cabbage
3177,vegan sour cream,agave nectar,silken tofu,all-purpose flour,sugar,baking powder,baking soda,margarine
48198,potatoes,sunflower oil,sour cream,peppercorns,sauerkraut,mushrooms,dill,onions,celery root,beef,heavy cream,carrots,marjoram,bay leaves,garlic,celery,dried mushrooms
28805,water,flat leaf parsley,balsamic vinegar,cabbage,unsalted butter,onions,pierogi,bacon slices
6207,sugar,butter,potatoes,salt,cottage cheese,raisins,eggs,flour,sour cream
46487,sugar,lemon juice,gelatin,water,food colouring,egg whites
28200,whole milk,salt,granulated sugar,vegetable oil,baking soda,baking powder,all-purpose flour,large eggs,butter
41852,sweetened condensed milk,sugar,butter
24450,vegetable oil,sugar,bay leaf,vinegar,onions,cold water,herring fillets
20133,ground black pepper,salt,white sugar,tomato sauce,diced tomatoes,carrots,water,garlic,onions,white vinegar,beef bouillon,lean beef,cabbage
6831,extra-virgin olive oil,caraway seeds,brussels sprouts
5822,ground black pepper,salt,eggs,condensed tomato soup,cabbage,lean ground beef,chopped onion,water,white rice
5289,eggs,chicken breasts,ground black pepper,dill pickles,mayonaise,peas,tomatoes,potatoes
19101,clove,mayonaise,potatoes,apples,ham,cucumber,onions,green olives,water,chicken breasts,dill,carrots,celery,tomatoes,pepper,hard-boiled egg,salt,lemon juice,sour cream,capers,dijon mustard,peas,dill pickles,thyme,bay leaf
16522,eggs,vanilla,lemon zest,ground almonds,sugar,farmer cheese,butter,sour cream
3884,eggs,honey,instant coffee,grated nutmeg,sugar,flour,anise,allspice,powdered sugar,baking soda,butter,hot water,white vinegar,milk,baking powder,vanilla extract
46586,ground cloves,lemon zest,all-purpose flour,sugar,unsalted butter,jam,sliced almonds,cinnamon,large egg yolks,salt
20654,egg noodles,bacon,sliced mushrooms,cold water,butter,beef broth,celery,seasoning salt,worcestershire sauce,corn starch,onions,vegetable oil,beef stew meat,sour cream
47348,eggs,vegetable oil,carrots,diced potatoes,apple cider vinegar,frozen corn,dijon mustard,gherkins,mayonaise,salt,frozen peas
25379,vanilla extract,water,fresh lemon juice,sugar,orange juice,almond extract
39428,water,whole peeled tomatoes,garlic,carrots,green bell pepper,swiss chard,diced tomatoes,dried dillweed,onions,olive oil,potatoes,salt,celery,silken tofu,ground black pepper,vegetable broth,beets
15177,bread crumb fresh,russet potatoes,dried porcini mushrooms,ground black pepper,garlic cloves,olive oil,salt,hungarian hot paprika,large eggs,hot water
11841,jalapeno chilies,oil,tomatoes,apples,large garlic cloves,carrots,bell pepper,salt
2066,powdered sugar,unsalted butter,apricot jam,large egg yolks,salt,grated lemon peel,ground cinnamon,lemon extract,all-purpose flour,sugar,large eggs,toast
42331,schmaltz,onions,bread crumbs,russet potatoes,pepper,salt,eggs,baking powder
33432,water,scallions,new potatoes,sorrel,salt,radishes,sour cream
16103,green onions,salt,ground black pepper,cilantro,milk,parsley,ground beef,tortillas,ground pork
11668,tomato sauce,confit duck leg,onions,fresh dill,pickled beets,mixed greens,clove,reduced sodium beef broth,salt,caraway seeds,black pepper,beets
23118,corn oil,champagne vinegar,horseradish,beets,watercress,hothouse cucumber,sugar,sour cream
16644,warm water,dark rye flour,active dry yeast,salt,dark corn syrup
38697,fresh basil,salt,blackberries,raspberries,corn starch,sugar,fresh lemon juice,vanilla beans,muscat
49219,green onions,red russian kale,agave nectar,white wine vinegar,mayonaise,ancho powder,celery seed,red cabbage,salt
12500,sugar,salt,cinnamon,heavy whipping cream,eggs,butter,yeast,milk,all-purpose flour
13365,reduced sodium chicken broth,smoked kielbasa,granny smith apples,unsalted butter,olive oil,onions,black pepper,salt
24544,sugar,fresh cranberries,potato starch,water
24378,brown sugar,cider vinegar,large eggs,brown rice flour,molasses,unsalted butter,salt,flax seed meal,caraway seeds,tapioca flour,dry yeast,sorghum flour,unsweetened cocoa powder,warm water,coffee granules,cooking spray,xanthan gum
2788,unsalted butter,all-purpose flour,water,whole milk,saffron,active dry yeast,salt,sugar,large eggs,flour for dusting
21993,water,potatoes,ground pork,onions,sugar,vinegar,bacon,blueberries,melted butter,cherries,2% reduced-fat milk,all-purpose flour,pierogi,large eggs,turkey,sour cream
10752,sugar,cardamom pods,fresh ginger,fresh mint,clove,lemon zest,honey,cinnamon sticks
37708,raspberries,honey,water
39792,potatoes,salt,carrots,olive oil,green onions,dill,chicken broth,half & half,all-purpose flour,bay leaf,ground black pepper,butter,fresh mushrooms
49624,capers,kosher salt,vegan butter,vegan mayonnaise,mayonaise,baking powder,buckwheat flour,fresh chives,all purpose unbleached flour,brine,beluga lentil,water,non dairy milk
16889,ground black pepper,salt,large eggs,onions,finely chopped fresh parsley,minced beef,plain flour,ground pork
38362,lean ground beef,onions,eggs,salt,cold water,vegetable oil,ground black pepper,all-purpose flour
35624,eggs,butter,milk,oil,sugar,salt,flour
1020,water,ramen noodles,large eggs,salt,baking powder,granulated sugar,whipping cream
23931,water,bacon,dill seed,marjoram,polish sausage,red wine vinegar,beets,fresh parsley,black peppercorns,shredded cabbage,chopped onion,dill weed,chuck,leeks,salt,carrots,white sugar
28429,garlic powder,worcestershire sauce,ketchup,Tabasco Pepper Sauce,mayonaise,dijon mustard,chili sauce,olive oil,lemon
47021,yukon gold potatoes,garlic cloves,pepper,dill,onions,mayonaise,salt,sour cream,minced garlic,oil
32384,baking powder,cream cheese,cool whip,vanilla,large eggs,fresh raspberries,sugar,all purpose unbleached flour,sour cream
38090,fresh basil,bay leaves,salt,sour cream,pepper,lemon,beets,onions,fresh dill,butter,beef broth,fresh parsley,tomatoes,potatoes,garlic,carrots,cabbage
18759,water,butter,sugar,active dry yeast,eggs,milk,vanilla,pitted cherries,flour
36396,sugar,vegetable oil,lemon juice,flanken short ribs,freshly ground pepper,cabbage,tomatoes,potatoes,bermuda onion,water,salt,snip fresh dill
23133,green bell pepper,kidney beans,sour cream,dried parsley,water,salt,ground beef,tomato paste,olive oil,beer,onions,pepper,chili powder,celery,ground cumin
48711,milk,poppy seeds,sugar,vegetable oil,cottage cheese,raisins,eggs,flour,salt
6794,unsalted butter,bittersweet chocolate,sugar,walnuts,matzo meal,large eggs,walnut halves,chocolate
35942,tumeric,olive oil,summer savory,water,large garlic cloves,kosher salt,coriander seeds,pork shoulder,fresh cilantro,purple onion
5568,milk,butter,plain flour,large eggs,walnuts,caster sugar,baking powder,apricots,honey,dry bread crumbs
30809,horseradish,sour cream,black pepper
29300,powdered sugar,milk,butter,saffron,vanilla beans,large eggs,lemon juice,candied orange peel,active dry yeast,salt,vodka,granulated sugar,all-purpose flour
12321,fresh dill,kidney beans,mushrooms,lemon,cayenne pepper,garlic cloves,fresh cilantro,unsalted butter,butter,plums,scallions,smoked & dried fish,pepper,feta cheese,red wine vinegar,black olives,dark brown sugar,sour cream,olive oil,hard-boiled egg,creamed horseradish,salt,pitted prunes
48319,active dry yeast,salt,warm water,butter,white sugar,eggs,vegetable oil,all-purpose flour,milk,raisins
8885,sauerkraut,sour cream,pierogi,butter,mushrooms,onions,water,all-purpose flour
29964,bread,parmesan cheese,vegetable broth,onions,wild asparagus,leeks,garlic cloves,eggs,ground black pepper,milk,vegetable oil,ground meat,salt
7654,dark corn syrup,coffee granules,bread flour,fennel seeds,cider vinegar,rye flour,unsweetened cocoa powder,caraway seeds,water,salt,brown sugar,active dry yeast,margarine
39738,unsalted butter,fine sea salt,sugar,chopped fresh chives,rice flour,large eggs,all-purpose flour,active dry yeast,whole milk,sour cream
39645,alum,vinegar,onions,minced garlic,pickling cucumbers,pickling spices,canning salt,sugar,water,dill
26871,sugar,salt,baking powder,oil,large eggs,all-purpose flour,buttermilk
41077,salmon,large eggs,sugar,unsalted butter,crème fraîche,active dry yeast,coarse salt,warm water,low-fat buttermilk,all-purpose flour
49386,honey,white sugar,apples,cinnamon sticks,raisins,yeast
9750,cottage cheese,minced onion,cornichons,unsalted butter,paprika,cocktail pumpernickel bread,green onions,caraway seeds,radishes,dry mustard
27443,prunes,chopped walnuts,garlic,mayonaise,beets,salt
36074,boysenberries,salt,fresh lemon juice,sugar,vegetable oil,all-purpose flour,corn starch,lemon peel,hoop cheese,blueberries,grated lemon peel,water,extra large eggs,strawberries,sour cream
11027,capers,vegetable oil,dry bread crumbs,large eggs,all-purpose flour,unsalted butter,salt,black pepper,chicken cutlets,flat leaf parsley
19079,squirt,lemon,all-purpose flour,ground cinnamon,large eggs,apples,unsalted butter,raisins,sugar,baking powder,salt
2572,eggs,baking powder,milk,butter,ground cinnamon,flour,sugar,vegetable oil
4486,granulated sugar,all-purpose flour,brandy,whole milk,confectioners sugar,large eggs,apricot jam,unsalted butter,salt
3878,bread crumb fresh,vegetable oil,sour cream,unsalted butter,all-purpose flour,water,salt,flat leaf parsley,large eggs,farmer cheese
31866,kefir,vegetable oil,eggs,baking soda,salt,milk,sunflower oil,sugar,flour
18039,hazelnuts,baking soda,salt,confectioners sugar,ground cinnamon,water,large eggs,candied fruit,ground ginger,sliced almonds,unsalted butter,all-purpose flour,unsweetened cocoa powder,ground cloves,honey,baking powder,dark brown sugar
34814,pepper,garlic,pork sirloin,onions,olive oil,salt,dry red wine
