Russian,Agar,Chocolate,Condensed milk,Eggs,Lemon,Salted butter,Sugar,Vanilla,Water,Wheat
Russian,Agar,Eggs,Gelatin,Lemon,Pastry,Sugar,Water
Russian,Agave,Allium,Cabbage,Kale,Pepper,Salad dressing,Salt,Vinegar,Wild celery
Russian,Agave,Leavening agent,Margarine-like spread,Sour cream,Sugar,Tofu,Wheat
Russian,Allium,Allspice,Cabbage,Capers,"Cattle (Beef, Veal)",Chicken,Cooking oil,Dill,Garden tomato,Garden tomato (var.),Grape wine,Herbs and Spices,Lemon,Olive,Pepper (Spice),Salt,Sausage,Sour cream,Sweet bay,Water,Wild celery
Russian,Allium,Allspice,Cabbage,Carrot,"Cattle (Beef, Veal)",Common beet,Dill,Garden tomato (var.),Lemon,Parsley,Parsnip,Pepper (Spice),Potato,Salt,Salted butter,Soft-necked garlic,Soup,Sour cream,Turnip,Water,Wild celery
Russian,Allium,Allspice,Cabbage,Carrot,"Cattle (Beef, Veal)",Common beet,Garden tomato (var.),Lemon,Parsley,Parsnip,Pepper (Spice),Potato,Salt,Salted butter,Soft-necked garlic,Soup,Sour cream,Sweet bay,Turnip,Water,Wild celery
Russian,Allium,Allspice,"Cattle (Beef, Veal)",Eggs,Ketchup,Olive,Parsley,Pepper,Pepper (Spice),Red bell pepper,Rice,Salt,Soft-necked garlic
Russian,Allium,Anise,"Cattle (Beef, Veal)",Common wheat,Ginger,Grape wine,Lard,Mixed nuts,Pepper (Spice),Salted butter,Sweet bay,Vinegar
Russian,Allium,Apple,Apple cider,Cabbage,Common grape,Dill,Molasses,Pepper (Spice),Salted butter,Soup,Vinegar
Russian,Allium,Apple,Atlantic herring,Carrot,"Cattle (Beef, Veal)",Ceylon cinnamon,Chives,Common thyme,Cooking oil,Cream,Eggs,Grape wine,Horseradish,Juniperus communis,Kohlrabi,Lemon,Lovage,Milk (Cow),Nutmeg,Pepper (Capsicum),Pepper (Spice),Red bell pepper,Root vegetables,Salted butter,Shallot,Soft-necked garlic,Sweet bay,Turnip,Vinegar,White bread,Wild celery
Russian,Allium,Apple,Cabbage,Carrot,Common beet,Common thyme,Dill,Domestic pig,Grape wine,Honey,Olive,Parsnip,Pepper (Spice),Salt,Soup,Sour cream
Russian,Allium,Apple,Cabbage,Carrot,Dill,Fruit juice,Herbs and Spices,Pepper (Spice),Salt,Salted butter,Soup,Sour cream,Sweet bay,Turnip,White bread,Wild celery
Russian,Allium,Apple,Cabbage,Cloves,Grape wine,Pepper (Spice),Salt,Salted butter,Sugar,Sweet bay
Russian,Allium,Apple,Cabbage,Common mushroom,Common wheat,Cooking oil,Dill,Eggs,Leavening agent,Milk (Cow),Opium poppy,Red bell pepper,Rosemary,Salt,Salted butter,Sugar,Water,Wheat,Wild celery
Russian,Allium,Apple,Cabbage,Domestic pig,Fennel,Olive,Parsley,Pepper (Spice),Salt,Salted butter,Vinegar
Russian,Allium,Apple,Cabbage,Grape,Pepper,Salt,Salted butter,Sherry
Russian,Allium,Apple,Cabbage,Grape wine,Pepper (Spice),Salted butter,Sweet bay,Vinegar
Russian,Allium,Apple,Capers,Carrot,Chicken,Cloves,Common pea,Common thyme,Cucumber,Dill,Domestic pig,Eggs,Garden tomato,Lemon,Mustard,Olive,Potato,Red bell pepper,Salad dressing,Salt,Sour cream,Sweet bay,Water,Wild celery
Russian,Allium,Apple,"Cattle (Beef, Veal)",Common cabbage,Common wheat,Cooking oil,Domestic pig,Eggs,Pepper (Spice),Sausage,Water
Russian,Allium,Apple,Common cabbage,Common thyme,Cream,Domestic pig,Grape wine,Juniperus communis,Pepper (Spice),Salted butter,Shallot,Soup
Russian,Allium,Apple,Common cabbage,Common thyme,Potato,Sausage,Soup
Russian,Allium,Apple,Garden tomato (var.),Green zucchini,Lemon,Okra,Olive,Parsley,Pepper (Spice),Rice,Soft-necked garlic
Russian,Allium,Apple,Olive,Pepper (Spice),Salt,Salted butter,Sausage,Soup
Russian,Allium,Apple cider,Cabbage,Caraway,Carrot,Cream,Dill,Garden tomato (var.),Honey,Pepper (Spice),Potato,Red beetroot,Root vegetables,Salted butter,Vinegar,Wild celery
Russian,Allium,Apple cider,Cabbage,"Cattle (Beef, Veal)",Chives,Cooking oil,Eggs,Pepper (Spice),Potato,Red beetroot,Vinegar,White bread
Russian,Allium,Apple cider,Corn,Garden tomato (var.),Molasses,Mustard,Pepper (C. frutescens),Salted butter,Sausage,Soft-necked garlic,Tamarind,Vinegar,Wild celery
Russian,Allium,Apricot,Carrot,"Cattle (Beef, Veal)",Common wheat,Corn,Domestic pig,European plum,Grape wine,Mustard,Salted butter,Soft-necked garlic,Soup,Sweet marjoram
Russian,Allium,Apricot,Chicken,Salad dressing
Russian,Allium,Apricot,Chives,Cocoa powder,Common wheat,Cooking oil,Cream,Cucumber,Eggs,Gelatin,Mustard,Parsley,Salted butter,Vanilla
Russian,Allium,Asparagus,Cashew nut,Pasta,Red bell pepper,Rice,Root vegetables,Salted butter,Soft-necked garlic
Russian,Allium,Asparagus,"Cattle (Beef, Veal)",Cheese,Cooking oil,Eggs,Leek,Milk (Cow),Pepper (Spice),Salt,Soft-necked garlic,Soup,White bread
Russian,Allium,Atlantic herring,Carrot,Potato,Red beetroot,Salad dressing
Russian,Allium,Atlantic herring,Cheese,Common bean,Common mushroom,Coriander,Dill,Eggs,European plum,Grape wine,Green plum,Horseradish,Lemon,Olive,Pepper (Capsicum),Red bell pepper,Salt,Salted butter,Soft-necked garlic,Sour cream,Sugar
Russian,Allium,Atlantic herring,Cooking oil,Sugar,Sweet bay,Vinegar,Water
Russian,Allium,Avocado,Coriander,Crayfish,Honey,Lemon,Mustard,Pepper (Spice),Pink salmon,Potato,Salt,Shallot,Soft-necked garlic,Vinegar
Russian,Allium,Bean,Carrot,Common bean,Common mushroom,Common pea,Cooking oil,Corn,Cucumber,Dill,Potato,Red beetroot
Russian,Allium,Beer,Cabbage,Carrot,Common beet,Common mushroom,Cooking oil,Dill,Garden tomato (var.),Parsnip,Pepper (Spice),Potato,Salt,Soft-necked garlic,Sour cream,Sugar,Vinegar,Water,Wild celery
Russian,Allium,Beer,Cabbage,Mustard,Potato,Salted butter,Sausage,Water
Russian,Allium,Beer,Cabbage,Potato,Salt,Salted butter,Sausage,Sugar
Russian,Allium,Beer,Caraway,Cocoa powder,Common wheat,Eggs,Honey,Leavening agent,Molasses,Olive,Robusta coffee,Rye,Salt,Vinegar,Water
Russian,Allium,Beer,"Cattle (Beef, Veal)",Common bean,Cumin,Garden tomato (var.),Olive,Parsley,Pepper,Red bell pepper,Salt,Sour cream,Water,Wild celery
Russian,Allium,Biscuit,Cheese,Cooking oil,Eggs,Olive,Sour cream,Sturgeon,Sugar
Russian,Allium,Biscuit,Common mushroom,Dumpling,Parsley,Salted butter,Soft-necked garlic,Water
Russian,Allium,Black walnut,Carrot,Chicken,Cooking oil,Eggs,Pomegranate,Potato,Red beetroot,Salad dressing,Salt
Russian,Allium,Black walnut,Carrot,Chicken,Potato,Red bell pepper,Soft-necked garlic,White bread
Russian,Allium,Black walnut,Common buckwheat,Common thyme,Eggs,Olive,Parsley,Pepper (Spice),Salted butter
Russian,Allium,Burdock,Cabbage,Carrot,Dill,Domestic pig,Garden tomato (var.),Parsley,Rice
Russian,Allium,Butter,Buttermilk,Domestic pig,Eggs,Ketchup,Olive,Red bell pepper,Salt,Sauce,Soft-necked garlic,Sour cream,Turkey,Vinegar,Water,Wheat
Russian,Allium,Butter,"Cattle (Beef, Veal)",Common mushroom,Eggs,Flour,Milk (Cow),Red bell pepper,Salt,Salted butter,Sugar
Russian,Allium,Butter,Cheese,Cream,Eggs,Leavening agent,Milk (Cow),Pepper (Spice),Salt,Sour cream,Wheat
Russian,Allium,Butter,Domestic pig,Dumpling,Eggs,Milk (Cow),Potato,"Prunus (Cherry, Plum)",Sour cream,Sugar,Turkey,"Vaccinium (Blueberry, Cranberry, Huckleberry)",Vinegar,Water,Wheat
Russian,Allium,Buttermilk,"Cattle (Beef, Veal)",Cooking oil,Domestic pig,Eggs,Pepper (Spice),Salt,Soft-necked garlic,Spelt,Wheat
Russian,Allium,Buttermilk,Chicken,Cooking oil,Eggs,Ketchup,Parsley,Pepper (Spice),Salt,Salted butter,Soft-necked garlic,Sour cream,Vinegar,Water,Wheat
Russian,Allium,Buttermilk,Common beet,Cucumber,Dill,Eggs,Salt,Sugar,Water
Russian,Allium,Buttermilk,Common beet,Cucumber,Dill,Salt,Vinegar
Russian,Allium,Buttermilk,Cucumber,Dill,Eggs,Potato,Radish,Sausage
Russian,Allium,Buttermilk,Cucumber,Dill,Red beetroot,Salt,Vinegar
Russian,Allium,Cabbage,Caraway,Carrot,"Cattle (Beef, Veal)",Common cabbage,Common mushroom,Common wheat,Dill,Domestic pig,Garden tomato (var.),Grape wine,Molasses,Pepper (C. frutescens),Pepper (Capsicum),Pepper (Spice),Red bell pepper,Sausage,Soft-necked garlic,Soup,Sweet basil,Sweet bay,Sweet marjoram,Tamarind,Vinegar,Water
Russian,Allium,Cabbage,Caraway,Carrot,Common beet,Dill,Garden tomato,Honey,Pepper (Spice),Potato,Salt,Salted butter,Soup,Sour cream,Vinegar,Wild celery
Russian,Allium,Cabbage,Caraway,Carrot,Daikon radish,Dill,Garden tomato,Leek,Parsley,Pepper (Spice),Potato,Salted butter,Soft-necked garlic,Soup,Sour cream,Sweet bay
Russian,Allium,Cabbage,Caraway,Carrot,Dill,Garden tomato (var.),Honey,Potato,Red beetroot,Red bell pepper,Salt,Salted butter,Soup,Sour cream,Vinegar,Water,Wild celery
Russian,Allium,Cabbage,Caraway,Common wheat,Cooking oil,Cream,Dill,Eggs,Potato,Salted butter
Russian,Allium,Cabbage,Caraway,Cooking oil,Dill,Eggs,Leavening agent,Potato,Salt,Salted butter,Sour cream,Water,Wheat
Russian,Allium,Cabbage,Caraway,Dill,Domestic pig,Red bell pepper,Sausage,Soft-necked garlic
Russian,Allium,Cabbage,Carrot,"Cattle (Beef, Veal)",Chicken,Common pea,Cooking oil,Corn,Domestic pig,Garden tomato (var.),Pepper (Spice),Potato,Red bell pepper,Scarlet bean,Turnip,Wild celery
Russian,Allium,Cabbage,Carrot,"Cattle (Beef, Veal)",Common beet,Cooking oil,Dill,Grape wine,Horseradish,Liquor,Pepper,Potato,Salt,Soft-necked garlic,Soup,Sugar,Yogurt
Russian,Allium,Cabbage,Carrot,"Cattle (Beef, Veal)",Common beet,Cooking oil,Dill,Grape wine,Leek,Parsnip,Pepper (Spice),Salt,Soft-necked garlic,Sour cream,Sweet bay,Sweet marjoram,Wild celery
Russian,Allium,Cabbage,Carrot,"Cattle (Beef, Veal)",Common beet,Dill,Domestic pig,Grape wine,Leek,Parsley,Pepper (Spice),Salt,Sausage,Sugar,Sweet marjoram,Water
Russian,Allium,Cabbage,Carrot,"Cattle (Beef, Veal)",Common beet,Dill,Garden tomato (var.),Potato,Root vegetables,Salt,Soft-necked garlic,Sour cream
Russian,Allium,Cabbage,Carrot,"Cattle (Beef, Veal)",Common beet,Dill,Grape wine,Potato,Soup,Yogurt
Russian,Allium,Cabbage,Carrot,"Cattle (Beef, Veal)",Common beet,Garden tomato (var.),Grape wine,Lemon,Olive,Parsley,Pepper,Salt,Soft-necked garlic,Soup,Water,Wild celery
Russian,Allium,Cabbage,Carrot,"Cattle (Beef, Veal)",Common beet,Potato
Russian,Allium,Cabbage,Carrot,"Cattle (Beef, Veal)",Cooking oil,Domestic pig,Garden tomato (var.),Herbs and Spices,Rice,Salt,Sour cream,Water
Russian,Allium,Cabbage,Carrot,"Cattle (Beef, Veal)",Cooking oil,Garden tomato (var.),Parsley,Rice,Salt,Soft-necked garlic
Russian,Allium,Cabbage,Carrot,"Cattle (Beef, Veal)",Dill,Domestic pig,Grape wine,Leek,Parsley,Pepper (Spice),Red beetroot,Sausage,Sweet marjoram,Vinegar
Russian,Allium,Cabbage,Carrot,"Cattle (Beef, Veal)",Dill,Domestic pig,Grape wine,Leek,Parsley,Red beetroot,Red bell pepper,Salt,Sausage,Sugar,Sweet marjoram,Water
Russian,Allium,Cabbage,Carrot,"Cattle (Beef, Veal)",Dill,Grape wine,Potato,Red beetroot,Soup,Vinegar,Yogurt
Russian,Allium,Cabbage,Carrot,"Cattle (Beef, Veal)",Dill,Red beetroot,Sour cream,Sweet bay,Vinegar,Water,Wild celery
Russian,Allium,Cabbage,Carrot,"Cattle (Beef, Veal)",Garden tomato,Ketchup,Meat bouillon,Pepper (Spice),Salt,Soft-necked garlic,Sugar,Vinegar,Water
Russian,Allium,Cabbage,Carrot,"Cattle (Beef, Veal)",Garden tomato (var.),Pepper (Spice),Soft-necked garlic,Vinegar
Russian,Allium,Cabbage,Carrot,"Cattle (Beef, Veal)",Garden tomato (var.),Red bell pepper,Salt,Soft-necked garlic,Sugar,Vinegar,Water
Russian,Allium,Cabbage,Carrot,Cauliflower,Common beet,Cream,Dill,Garden tomato,Lemon,Pepper,Pepper (Capsicum),Pepper (Spice),Potato,Salt,Salted butter,Water,Wild celery
Russian,Allium,Cabbage,Carrot,Common bean,Common beet,Cooking oil,Cumin,Herbs and Spices,Lemon,Pepper (Spice),Potato,Salt,Sauce,Sugar,Sweet bay,Water
Russian,Allium,Cabbage,Carrot,Common bean,Common beet,Cooking oil,Dill,Ketchup,Lemon,Pepper,Potato,Soup,Sweet bay,Water
Russian,Allium,Cabbage,Carrot,Common beet,Cooking oil,Dill,Garden tomato,Lentils,Potato,Salt,Vinegar,Water
Russian,Allium,Cabbage,Carrot,Common beet,Cream,Dill,Garden tomato,Garden tomato (var.),Pepper,Potato,Salt,Salted butter,Soft-necked garlic,Water,Wild celery
Russian,Allium,Cabbage,Carrot,Common beet,Cream,Dill,Garden tomato,Pepper (Spice),Potato,Red bell pepper,Salt,Salted butter,Water,Wild celery
Russian,Allium,Cabbage,Carrot,Common beet,Dill,Domestic pig,Flour,Potato,Red bell pepper,Salt,Soft-necked garlic,Soup,Sour cream,Water,Wild celery
Russian,Allium,Cabbage,Carrot,Common beet,Dill,Garden tomato,Lemon,Parsley,Potato,Red bell pepper,Salt,Salted butter,Soft-necked garlic,Soup,Sour cream,Sweet basil,Sweet bay
Russian,Allium,Cabbage,Carrot,Common beet,Dill,Lemon,Potato,Red bell pepper,Salt,Soft-necked garlic,Sour cream,Water,Wild celery
Russian,Allium,Cabbage,Carrot,Common beet,Garden tomato,Lemon,Olive,Parsley,Potato,Red bell pepper,Salt,Soft-necked garlic,Sweet bay,Water
Russian,Allium,Cabbage,Carrot,Common beet,Garden tomato,Parsley,Potato,Red bell pepper,Salt,Salted butter,Soup,Sour cream,Turnip,Vinegar
Russian,Allium,Cabbage,Carrot,Common beet,Garden tomato,Potato,Red bell pepper,Salt,Soup,Sour cream,Turnip,Vinegar
Russian,Allium,Cabbage,Carrot,Common beet,Lemon,Salted butter,Soup,Sour cream
Russian,Allium,Cabbage,Carrot,Cooking oil,Cream,Garden tomato (var.),Parsley,Potato,Red beetroot,Red bell pepper,Sausage,Soft-necked garlic
Russian,Allium,Cabbage,Carrot,Cooking oil,Dill,Garden tomato (var.),Lentils,Potato,Red beetroot,Sour cream,Vinegar,Water
Russian,Allium,Cabbage,Carrot,Cream,Dill,Garden tomato (var.),Pepper (Spice),Potato,Red beetroot,Red bell pepper,Salted butter,Wild celery
Russian,Allium,Cabbage,Carrot,Cream,Dill,Garden tomato (var.),Potato,Red beetroot,Red bell pepper,Salt,Salted butter,Water,Wild celery
Russian,Allium,Cabbage,Carrot,Domestic pig,Ketchup,Olive,Red bell pepper,Salt,Sour cream,Sugar,Sweet bay
Russian,Allium,Cabbage,Carrot,Olive,Parsley,Parsnip,Red beetroot,Red bell pepper,Salt,Soft-necked garlic,Sour cream,Sugar,Sweet bay,Turnip,Vinegar,Water
Russian,Allium,Cabbage,"Cattle (Beef, Veal)",Chili,Deer,Dill,Domestic pig,Garden tomato (var.),Ketchup,Rice,Soft-necked garlic,Soup
Russian,Allium,Cabbage,"Cattle (Beef, Veal)",Common cabbage,Domestic pig,Garden tomato (var.),Parsley,Pepper (Spice),Rice,Soft-necked garlic
Russian,Allium,Cabbage,"Cattle (Beef, Veal)",Common sage,Dill,Garden tomato (var.),Red bell pepper,Rice,Sausage,Soft-necked garlic,Soup
Russian,Allium,Cabbage,"Cattle (Beef, Veal)",Common wheat,Salted butter,White bread
Russian,Allium,Cabbage,"Cattle (Beef, Veal)",Cooking oil,Cream,Dill,Garden tomato (var.),Grape wine,Lemon,Pepper (Spice),Red beetroot,"Sheep (Mutton, Lamb)",Soup,Sweet bay,Vinegar
Russian,Allium,Cabbage,"Cattle (Beef, Veal)",Deer,Dill,Garden tomato,Ketchup,Pepper,Red bell pepper,Rice,Salt,Sausage,Soft-necked garlic,Soup
Russian,Allium,Cabbage,"Cattle (Beef, Veal)",Domestic pig,Eggs,Garden tomato (var.),Parsley,Red bell pepper,Rice,Salt,Soft-necked garlic,Sugar,Vinegar,Water
Russian,Allium,Cabbage,"Cattle (Beef, Veal)",Eggs,Garden tomato (var.),Red bell pepper,Rice,Salt,Water
Russian,Allium,Cabbage,"Cattle (Beef, Veal)",Eggs,Pepper (Spice),Rice,Salt,Soup,Water
Russian,Allium,Cabbage,"Cattle (Beef, Veal)",Garden tomato,Lemon,Red bell pepper,Salt,Soft-necked garlic,Sour cream,Sugar,Sweet bay,Vinegar,Water
Russian,Allium,Cabbage,"Cattle (Beef, Veal)",Garden tomato (var.),Parsley,Red bell pepper,Rice
Russian,Allium,Cabbage,Cheese,Chicken,Common cabbage,Common wheat,Milk (Cow),Potato,Red bell pepper,Salted butter
Russian,Allium,Cabbage,Cheese,Common cabbage,Evaporated milk,Meat bouillon,Potato,Red bell pepper,Salt,Salted butter,Water,Wheat
Russian,Allium,Cabbage,Cheese,Common mushroom,Common wheat,Dill,Eggs,Red bell pepper,Salted butter,Sweet basil,Sweet marjoram,Tarragon
Russian,Allium,Cabbage,Cheese,Common mushroom,Dill,Eggs,Red bell pepper,Salt,Salted butter,Sugar,Sweet basil,Sweet marjoram,Tarragon,Wheat
Russian,Allium,Cabbage,Cheese,Common mushroom,Dill,Eggs,Salt,Salted butter,Sugar,Sweet basil,Sweet marjoram,Tarragon,Wheat
Russian,Allium,Cabbage,Cheese,Cooking oil,Garden tomato (var.),Pasta,Pepper (Spice),Potato,Salted butter,Soft-necked garlic
Russian,Allium,Cabbage,Cheese,Cream,Dill,Domestic pig,Olive,Pasta,Potato,Soft-necked garlic
Russian,Allium,Cabbage,Cheese,Domestic pig,Grape,Parsley,Pasta,Potato,Salted butter
Russian,Allium,Cabbage,Chicken,Eggs,Garden tomato (var.),Pepper (Spice),Rice,Salted butter,Soft-necked garlic,Sweet marjoram
Russian,Allium,Cabbage,Chives,Common beet,Cooking oil,Eggs,Mallard duck,Other bread product,Pepper (Spice),Potato,Salt,Vinegar
Russian,Allium,Cabbage,Common beet,Cooking oil,Dill,Garden tomato,Grape wine,Lemon,Pepper (Spice),Salt,"Sheep (Mutton, Lamb)",Soup,Sour cream,Sweet bay
Russian,Allium,Cabbage,Common beet,Garden tomato,Lemon,Olive,Parsley,Potato,Soup,Sour cream
Russian,Allium,Cabbage,Common cabbage,Cooking oil,Dill,Garden tomato (var.),Red bell pepper,Salt,Water
Russian,Allium,Cabbage,Common mushroom,Cream,Domestic pig,Grape wine,Lemon,Pepper,Rice,Salt,Salted butter,Soup,Water,Wheat
Russian,Allium,Cabbage,Common mushroom,Dill,Eggs,Lemon,Pastry,Pink salmon,Rice,Salt,Salted butter,Soup,Water,Wheat
Russian,Allium,Cabbage,Common sage,Cream,Red bell pepper,Sausage
Russian,Allium,Cabbage,Common wheat,Cream,Dill,Domestic pig,Eggs,Pepper (Spice),Salted butter,Soup,White bread
Russian,Allium,Cabbage,Cooking oil,Dill,Garden tomato (var.),Grape wine,Lemon,Red beetroot,Red bell pepper,Salt,"Sheep (Mutton, Lamb)",Soup,Sour cream,Sweet bay
Russian,Allium,Cabbage,Cooking oil,Domestic pig,Pepper (Spice),Red bell pepper,Vinegar,Wild celery
Russian,Allium,Cabbage,Cooking oil,Eggs,Flour,Pepper (Spice),Potato,Salt,Salted butter
Russian,Allium,Cabbage,Dill,Domestic pig,Dumpling,Olive,Salt,Soft-necked garlic,Water
Russian,Allium,Cabbage,Domestic pig,Dumpling,Parsley,Salted butter,Vinegar,Water
Russian,Allium,Cabbage,Domestic pig,Pasta,Red bell pepper,Salted butter,Soft-necked garlic
Russian,Allium,Cabbage,Domestic pig,Pasta,Salted butter,Soft-necked garlic
Russian,Allium,Cabbage,Garden tomato (var.),Red bell pepper,Rice,Salted butter
Russian,Allium,Cabbage,Garden tomato (var.),Red bell pepper,Salted butter,Soft-necked garlic,Wild celery
Russian,Allium,Cabbage,Pasta,Pepper (Spice),Salted butter
Russian,Allium,Cabbage,Pasta,Red bell pepper,Salted butter
Russian,Allium,Capers,Carrot,"Cattle (Beef, Veal)",Common mushroom,Cucumber,Domestic pig,Flour,Garden tomato,Garden tomato (var.),Lemon,Olive,Parsley,Red bell pepper,Salt,Sausage,Sour cream,Water
Russian,Allium,Capers,"Cattle (Beef, Veal)",Common mushroom,Cucumber,Dill,Domestic pig,Garden tomato (var.),Olive,Pepper,Red bell pepper,Salt,Salted butter,Sausage,Soft-necked garlic,Soup,Sweet bay,Sweet marjoram,Water,Wheat
Russian,Allium,Capers,"Cattle (Beef, Veal)",Common mushroom,Dill,Domestic pig,Garden tomato,Garden tomato (var.),Olive,Pepper,Pepper (Spice),Salt,Salted butter,Sausage,Soft-necked garlic,Soup,Sweet bay,Sweet marjoram,Vinegar,Water,Wheat
Russian,Allium,Capers,Cucumber,Garden tomato,Garden tomato (var.),Lemon,Olive,"Salmonidae (Salmon, Trout)",Salted butter,Soup,Sour cream,Sturgeon,Sweet bay
Russian,Allium,Capers,Domestic pig,Garden tomato (var.),Lemon,Olive,Root vegetables,Salt,Sausage,Sour cream,Sweet bay
Russian,Allium,Caraway,Carrot,"Cattle (Beef, Veal)",Cream,Dill,Garden tomato (var.),Olive,Parsley,Parsnip,Potato,Red bell pepper,Soft-necked garlic,Soup,Wild celery
Russian,Allium,Caraway,Carrot,"Cattle (Beef, Veal)",Garden tomato,Olive,Parsley,Parsnip,Pepper,Potato,Red bell pepper,Soft-necked garlic,Soup,Sour cream,Wild celery
Russian,Allium,Caraway,Carrot,Common cabbage,Dill,Domestic pig,Grape wine,Juniperus communis,Sausage,Soup,Water
Russian,Allium,Caraway,"Cattle (Beef, Veal)",Common thyme,Common wheat,Dill,Domestic pig,Honey,Leavening agent,Pepper (Spice),Salted butter
Russian,Allium,Caraway,"Cattle (Beef, Veal)",Common thyme,Cream,Dill,Olive,Pasta,Pepper (Spice),Potato,Red bell pepper,Salted butter,Soft-necked garlic,Soup,Sweet bay,Turkey,Winter squash
Russian,Allium,Caraway,"Cattle (Beef, Veal)",Common wheat,Corn,Dill,Garden tomato (var.),Molasses,Olive,Pepper (Capsicum),Red bell pepper,Soft-necked garlic,Sweet marjoram,Tamarind,Vinegar,White bread,Wild celery
Russian,Allium,Caraway,"Cattle (Beef, Veal)",Cooking oil,Cream,Dill,Garden tomato (var.),Lemon,Red bell pepper,Soft-necked garlic,Soup
Russian,Allium,Caraway,"Cattle (Beef, Veal)",Dill,Garden tomato (var.),Lemon,Pasta,Red bell pepper,Salted butter,Soft-necked garlic
Russian,Allium,Caraway,"Cattle (Beef, Veal)",Dill,Potato,Red bell pepper,Salted butter,Soft-necked garlic,Sweet marjoram
Russian,Allium,Caraway,"Cattle (Beef, Veal)",Garden tomato (var.),Ketchup,Olive,Pepper,Pepper (Capsicum),Salt,Sauce,Soft-necked garlic,Sweet marjoram,Water,Wheat
Russian,Allium,Caraway,Cheese,Cooking oil,Cream,Dill,Garden tomato (var.),Pasta,Potato,Soup,Sweet bay
Russian,Allium,Caraway,Cheese,Cucumber,Daikon radish,Mustard,Pepper,Rye bread,Salted butter
Russian,Allium,Caraway,Cheese,Dill,Mustard,Radish,Red bell pepper,Rye,Salted butter,White bread
Russian,Allium,Caraway,Cloves,Common beet,Dill,Green vegetables,Ketchup,Mallard duck,Pepper (Spice),Salt,Soup
Russian,Allium,Caraway,Cooking oil,Dill,Dumpling,Garden tomato,Soup,Sugar,Sweet bay
Russian,Allium,Carrot,"Cattle (Beef, Veal)",Ceylon cinnamon,Cream,Grape wine,Milk (Cow),Olive,Pepper (Spice),Potato,Red bell pepper,Wild celery
Russian,Allium,Carrot,"Cattle (Beef, Veal)",Chicken,Common wheat,Eggs,Garden tomato (var.),Nutmeg,Parsley,Pepper (Spice),Soft-necked garlic,Sweet marjoram,White bread,Wild celery
Russian,Allium,Carrot,"Cattle (Beef, Veal)",Chives,Domestic pig,Eggs,Red bell pepper,Soft-necked garlic,White bread,Wild celery
Russian,Allium,Carrot,"Cattle (Beef, Veal)",Common beet,Common cabbage,Common thyme,Common wheat,Dill,Eggs,Fats and oils,Garden tomato,Leek,Meat bouillon,Parsley,Pepper,Pepper (Spice),Potato,Salt,Salted butter,Soft-necked garlic,Sour cream,Sugar,Sweet bay,Vinegar,Wild celery
Russian,Allium,Carrot,"Cattle (Beef, Veal)",Common cabbage,Common mushroom,Cream,Dill,Pepper (Spice),Potato,Soft-necked garlic,Sour cream,Sunflower,Sweet bay,Sweet marjoram,Wild celery
Russian,Allium,Carrot,"Cattle (Beef, Veal)",Common cabbage,Dill,Domestic pig,Parsley,Pepper (Spice),Potato,Soft-necked garlic,Sour cream,Sweet bay
Russian,Allium,Carrot,"Cattle (Beef, Veal)",Cooking oil,Dill,Eggs,Potato,Salt,Sweet bay
Russian,Allium,Carrot,"Cattle (Beef, Veal)",Cream,Dill,Garden tomato (var.),Lemon,Parsley,Parsnip,Pepper (Spice),Potato,Red beetroot,Salted butter,Soft-necked garlic,Turnip,Wild celery
Russian,Allium,Carrot,"Cattle (Beef, Veal)",Dill,Parsley,Potato,Red bell pepper,Salt,Salted butter,Soft-necked garlic,Soup,Sour cream,Wild celery
Russian,Allium,Carrot,"Cattle (Beef, Veal)",Domestic pig,Gelatin,Pepper (Spice),Salt,Soft-necked garlic,Soup,Sweet bay,Turkey,Wild celery
Russian,Allium,Carrot,Cheese,Chicken,Common mushroom,Cooking oil,Cucumber,Dill,Eggs,Salad dressing,Salt,Soft-necked garlic,Wheat
Russian,Allium,Carrot,Cheese,Chicken,Common mushroom,Cucumber,Eggs,Potato,Salad dressing
Russian,Allium,Carrot,Cheese,Common pea,Cucumber,Eggs,Potato,Rabbit,Salad dressing,Salt,Sauce
Russian,Allium,Carrot,Cheese,Garden tomato (var.),Grape wine,Lentils,Olive,Parsley,Pepper (Spice),Red bell pepper,Soft-necked garlic,Soup,Sweet bay,Wild celery
Russian,Allium,Carrot,Chicken,Common bean,Dill,Pepper (Spice),Potato,Red beetroot,Red bell pepper,Soft-necked garlic,Soup,Soy sauce,Vinegar,Wild celery
Russian,Allium,Carrot,Chicken,Common pea,Cumin,Grape wine,Olive,Potato,Red bell pepper,Soft-necked garlic,Soup
Russian,Allium,Carrot,Chicken,Garden tomato (var.),Parsley,Potato,Salt,Salted butter,Water
Russian,Allium,Carrot,Chicken,Ketchup,Pepper (Capsicum),Pepper (Spice),Rice,Salt,Salted butter,Water
Russian,Allium,Carrot,Common bean,Common beet,Dill,Pepper (Spice),Potato,Red bell pepper,Soft-necked garlic,Soup,Soy sauce,Sugar,Vinegar,Water,Wild celery
Russian,Allium,Carrot,Common beet,Common cabbage,Dill,Olive,Potato,Salt
Russian,Allium,Carrot,Common beet,Cooking oil,Dill,Potato,Soup,Sour cream,Wild celery
Russian,Allium,Carrot,Common beet,Dill,Garden tomato,Olive,Pepper (Spice),Potato,Red bell pepper,Salt,Soft-necked garlic,Soup,Swiss chard,Tofu,Water,Wild celery
Russian,Allium,Carrot,Common cabbage,Cucumber,Olive,Potato,Red beetroot,Salt
Russian,Allium,Carrot,Common mushroom,Cream,Dill,Olive,Pepper (Spice),Potato,Salt,Salted butter,Soup,Sweet bay,Wheat
Russian,Allium,Carrot,Common oregano,Common pea,Coriander,Dill,Eggs,Horseradish,Pepper,Pepper (Spice),Potato,Salad dressing,Sauce,Sausage,Sour cream
Russian,Allium,Carrot,Common pea,Cucumber,Dill,Domestic pig,Eggs,Potato,Red bell pepper,Salad dressing,Salt
Russian,Allium,Carrot,Common pea,Cucumber,Dill,Eggs,Potato,Salad dressing,Sausage
Russian,Allium,Carrot,Common pea,Cucumber,Eggs,Potato,Red bell pepper,Salad dressing,Salt,Sausage,Sour cream
Russian,Allium,Carrot,Common pea,Cucumber,Eggs,Potato,Salad dressing
Russian,Allium,Carrot,Common pea,Dill,Potato,Red beetroot,Red bell pepper,Salt,Sunflower,Vinegar
Russian,Allium,Carrot,Common pea,Pepper (Spice),Sausage,Soup,Sweet bay
Russian,Allium,Carrot,Common thyme,Common wheat,Cream,Garden tomato (var.),Grape wine,Leek,Milk (Cow),Pepper (Spice),Potato,Salted butter,"Sheep (Mutton, Lamb)",Soft-necked garlic,Soup,Turnip
Russian,Allium,Carrot,Common wheat,Eggs,Garden tomato (var.),Olive,Parsley,Pepper (Spice),Potato,Red bell pepper,Root vegetables
Russian,Allium,Carrot,Cooking oil,Coriander,Pepper (Capsicum),Salt,Soft-necked garlic,Sugar,Vinegar
Russian,Allium,Carrot,Cooking oil,Coriander,Pepper (Capsicum),Salt,Soft-necked garlic,Vinegar
Russian,Allium,Carrot,Cooking oil,Cream,Dill,Potato,Red beetroot,Soup,Vinegar,Wild celery
Russian,Allium,Carrot,Cooking oil,Cucumber,Potato,Red beetroot,Salt,Vinegar
Russian,Allium,Carrot,Coriander,Cucumber,Dill,Domestic pig,Flour,Garden tomato (var.),Lemon,Olive,Red bell pepper,Salt,Salted butter,Soup,Sour cream,Water,Wild celery
Russian,Allium,Carrot,Cream,Sweet bay,Vinegar,Wild celery
Russian,Allium,Carrot,Cucumber,Dill,Domestic pig,Eggs,Potato,Salad dressing,Sausage
Russian,Allium,Carrot,Dill,Eggs,Parsley,Parsnip,Pepper (Spice),Potato,Salt,Salted butter,Sorrel,Soup,Sour cream,Wild celery
Russian,Allium,Carrot,Dill,Garden tomato (var.),Olive,Potato,Red beetroot,Red bell pepper,Soft-necked garlic,Soup,Swiss chard,Tofu,Water,Wild celery
Russian,Allium,Carrot,Eggplant,Olive,Pepper,Red bell pepper,Salt
Russian,Allium,Carrot,Eggs,Pink salmon,Potato,Salad dressing
Russian,Allium,Carrot,Fishes,Herbs and Spices,Olive,Parsley,Potato,Red bell pepper,Salt,Shrimp,Soup,Sweet bay,Water,Wild celery
Russian,Allium,"Cattle (Beef, Veal)",Cheese,Common cabbage,Common mushroom,Milk (Cow),Mustard,Pasta,Rye,Salted butter
Russian,Allium,"Cattle (Beef, Veal)",Cheese,Cooking oil,Dill,Eggs,Leavening agent,Milk (Cow),Olive,Red bell pepper,Salt,Salted butter,Soft-necked garlic,Soup,Sugar,Wheat
Russian,Allium,"Cattle (Beef, Veal)",Cheese,Cooking oil,Eggs,Garden tomato,Milk (Cow),Other bread product,Pepper (Spice),Potato,Salt,Salted butter,Soft-necked garlic
Russian,Allium,"Cattle (Beef, Veal)",Cheese,Cooking oil,Eggs,Garden tomato (var.),Milk (Cow),Pepper (Spice),Potato,Salted butter,Soft-necked garlic,White bread
Russian,Allium,"Cattle (Beef, Veal)",Cheese,Corn,Eggs,Flour,Garden onion,Parsley,Potato,Red bell pepper,Salt,Soft-necked garlic,Sugar,Water
Russian,Allium,"Cattle (Beef, Veal)",Cheese,Eggs,Gelatin,Salt,Sugar,Water,Wheat
Russian,Allium,"Cattle (Beef, Veal)",Cheese,Milk (Cow),Salad dressing
Russian,Allium,"Cattle (Beef, Veal)",Cheese,Mustard,Red bell pepper,Salt,Salted butter,Sauce,Soft-necked garlic,Soup,Sour cream,Wheat
Russian,Allium,"Cattle (Beef, Veal)",Chicken,Common mushroom,Common wheat,Dill,Domestic pig,Eggs,Potato,Red bell pepper,Salted butter
Russian,Allium,"Cattle (Beef, Veal)",Chicken,Common mushroom,Red bell pepper,Salt,Salted butter,Soft-necked garlic,Sour cream,Water,Wheat
Russian,Allium,"Cattle (Beef, Veal)",Chicken,Common wheat,Dill,Domestic pig,Grape wine,Potato,Red bell pepper,Salted butter
Russian,Allium,"Cattle (Beef, Veal)",Common beet,Common mushroom,Cream,Dill,Eggs,Mentha,Pepper (Spice),Salt,Soup,White bread,Wonton wrapper
Russian,Allium,"Cattle (Beef, Veal)",Common cabbage,Cooking oil,Eggs,Pepper (Spice),Salt,Wheat
Russian,Allium,"Cattle (Beef, Veal)",Common cabbage,Cream,Olive,Pepper (C. frutescens),Potato
Russian,Allium,"Cattle (Beef, Veal)",Common cabbage,Domestic pig,Eggs,Garden tomato (var.),Pepper (Spice),Rice,Soft-necked garlic
Russian,Allium,"Cattle (Beef, Veal)",Common cabbage,Domestic pig,Olive,Red bell pepper,Rice,Soup
Russian,Allium,"Cattle (Beef, Veal)",Common cabbage,Olive,Potato,Salt,Sauce,Sour cream
Russian,Allium,"Cattle (Beef, Veal)",Common mushroom,Common pea,Milk (Cow),Olive,Parsley,Potato,Rice,Salted butter,"Sheep (Mutton, Lamb)",Soft-necked garlic
Russian,Allium,"Cattle (Beef, Veal)",Common mushroom,Common thyme,Common wheat,Garden tomato (var.),Olive,Parsley,Pasta,Pepper (Capsicum),Soft-necked garlic,Soup
Russian,Allium,"Cattle (Beef, Veal)",Common mushroom,Common thyme,Garden tomato,Olive,Parsley,Pasta,Pepper (Capsicum),Soft-necked garlic,Soup,Wheat
Russian,Allium,"Cattle (Beef, Veal)",Common mushroom,Common wheat,Cream,Dill,Garden tomato (var.),Grape wine,Red bell pepper,Salted butter,Soup
Russian,Allium,"Cattle (Beef, Veal)",Common mushroom,Common wheat,Dill,Domestic pig,Garden tomato (var.),Olive,Pepper (Spice),Red bell pepper,Salted butter,Sausage,Soft-necked garlic,Soup,Sweet bay,Sweet marjoram,Vinegar
Russian,Allium,"Cattle (Beef, Veal)",Common mushroom,Cooking oil,Corn,Domestic pig,Pasta,Salt,Salted butter,Sauce,Soup,Sour cream,Water,Wild celery
Russian,Allium,"Cattle (Beef, Veal)",Common mushroom,Cooking oil,Cream,Domestic pig,Molasses,Pasta,Rice,Salted butter,Soup,Tamarind,Vinegar,Wild celery
Russian,Allium,"Cattle (Beef, Veal)",Common mushroom,Cooking oil,Grape wine,Mustard,Pasta,Red bell pepper,Salt,Soft-necked garlic,Sour cream
Russian,Allium,"Cattle (Beef, Veal)",Common mushroom,Cooking oil,Liquor,Mustard,Parsley,Red bell pepper,Salt,Salted butter,Soup,Sour cream,Sweet bay
Russian,Allium,"Cattle (Beef, Veal)",Common mushroom,Cream,Olive,Parsley,Salted butter
Russian,Allium,"Cattle (Beef, Veal)",Common mushroom,Dill,Mustard,Parsley,Pasta,Red bell pepper,Salt,Soft-necked garlic,Soup,Sour cream,Wheat
Russian,Allium,"Cattle (Beef, Veal)",Common mushroom,Garden tomato (var.),Grape wine,Salt,Salted butter,Soft-necked garlic,Soup,Sour cream,Wheat
Russian,Allium,"Cattle (Beef, Veal)",Common mushroom,Garden tomato (var.),Red bell pepper,Salt,Salted butter,Sherry,Soft-necked garlic,Soup,Sour cream,Wheat
Russian,Allium,"Cattle (Beef, Veal)",Common mushroom,Grape wine,Ketchup,Olive,Pasta,Red bell pepper,Salt,Salted butter,Sauce,Soft-necked garlic,Sour cream,Wheat
Russian,Allium,"Cattle (Beef, Veal)",Common mushroom,Grape wine,Mustard,Red bell pepper,Salt,Salted butter,Soup,Sour cream,Wheat
Russian,Allium,"Cattle (Beef, Veal)",Common mushroom,Pepper,Red bell pepper,Salt,Salted butter,Sauce,Soft-necked garlic,Sour cream,Water,Wheat
Russian,Allium,"Cattle (Beef, Veal)",Common oregano,Cooking oil,Cream,Eggs,Garden tomato (var.),Parsley,Pepper (Spice),Red bell pepper,Rice,Sweet marjoram
Russian,Allium,"Cattle (Beef, Veal)",Common pea,Cooking oil,Dill,Eggs,Potato,Turkey,Vinegar
Russian,Allium,"Cattle (Beef, Veal)",Common thyme,Cream,Eggs,Lemon,Nutmeg,Red bell pepper,Salt,Salted butter,Soup
Russian,Allium,"Cattle (Beef, Veal)",Common wheat,Cooking oil,Dill,Eggs,Leavening agent,Milk (Cow),Pepper (Spice)
Russian,Allium,"Cattle (Beef, Veal)",Common wheat,Cooking oil,Eggs,Pepper (Spice)
Russian,Allium,"Cattle (Beef, Veal)",Common wheat,Cooking oil,Grape wine,Lemon,Parsley,Pasta,Pepper (Capsicum),Red bell pepper,Salted butter,Soft-necked garlic,Soup,Summer savory,Sweet bay
Russian,Allium,"Cattle (Beef, Veal)",Common wheat,Corn,Garden tomato (var.),Molasses,Mustard,Red bell pepper,Soft-necked garlic,Tamarind,Vinegar,Wild celery
Russian,Allium,"Cattle (Beef, Veal)",Cooking oil,Dill,Eggs,Leavening agent,Milk (Cow),Red bell pepper,Salt,Sugar,Water,Wheat
Russian,Allium,"Cattle (Beef, Veal)",Cooking oil,Dill,Other bread product,Pepper (Spice),Salad dressing,Salt,Salted butter,Soft-necked garlic,White bread
Russian,Allium,"Cattle (Beef, Veal)",Cooking oil,Eggs,Milk (Cow),Salted butter,Sugar,Wheat
Russian,Allium,"Cattle (Beef, Veal)",Cooking oil,Eggs,Pepper (Spice),Salt,Water,Wheat
Russian,Allium,"Cattle (Beef, Veal)",Cooking oil,Eggs,Red bell pepper,Salt,Water,Wheat
Russian,Allium,"Cattle (Beef, Veal)",Cooking oil,European plum,Honey,Pepper (Spice),Red bell pepper,Shiitake,Soft-necked garlic,Sweet bay
Russian,Allium,"Cattle (Beef, Veal)",Cooking oil,Garden tomato (var.),Pepper (Spice),Red bell pepper,Soft-necked garlic
Russian,Allium,"Cattle (Beef, Veal)",Cooking oil,Other bread product,Salt,White bread
Russian,Allium,"Cattle (Beef, Veal)",Cooking oil,Pasta,Red bell pepper,Sour cream
Russian,Allium,"Cattle (Beef, Veal)",Coriander,Domestic pig,Milk (Cow),Parsley,Pepper (Spice),Salt,Tortilla
Russian,Allium,"Cattle (Beef, Veal)",Coriander,Grape wine,Lemon,Pepper (Spice),Salt,Sweet basil
Russian,Allium,"Cattle (Beef, Veal)",Cream,Garden tomato (var.),Lard,Red bell pepper,Scallop,Shallot,Sweet marjoram
Russian,Allium,"Cattle (Beef, Veal)",Cucumber,Daikon radish,Dill,Eggs,Milk (Cow),Parsley,Potato,Red bell pepper,Salt,Sour cream,Sweet bay
Russian,Allium,"Cattle (Beef, Veal)",Cumin,Ginger,Herbs and Spices,Lemon,Olive,Pepper,Pepper (Capsicum),Salt,Soft-necked garlic,Yogurt
Russian,Allium,"Cattle (Beef, Veal)",Dill,Eggs,Lard,Pepper (Spice),Salt,Salted butter,Water,Wheat
Russian,Allium,"Cattle (Beef, Veal)",Domestic pig,Eggs,Flour,Pepper (Spice),Salt
Russian,Allium,"Cattle (Beef, Veal)",Domestic pig,Eggs,Flour,Pepper (Spice),Salt,Water
Russian,Allium,"Cattle (Beef, Veal)",Domestic pig,Eggs,Parsley,Pepper (Spice),Salt,Wheat
Russian,Allium,"Cattle (Beef, Veal)",Domestic pig,Eggs,Salt,Soft-necked garlic,Water,Wheat
Russian,Allium,"Cattle (Beef, Veal)",Domestic pig,Garden tomato,Lard,Olive,Pepper,Shallot,Sour cream,Sweet marjoram
Russian,Allium,"Cattle (Beef, Veal)",Eggs,Flour,Garden tomato,Garden tomato (var.),Other bread product,Pepper,Red bell pepper,Salt,Shortening,Sour cream
Russian,Allium,"Cattle (Beef, Veal)",Eggs,Garden tomato (var.),Olive,Parsley,Pepper (Spice),Red bell pepper,Rice,Soft-necked garlic
Russian,Allium,"Cattle (Beef, Veal)",Eggs,Milk (Cow),Other bread product,Red bell pepper,Salt,Salted butter,Sour cream,White bread
Russian,Allium,"Cattle (Beef, Veal)",Garden tomato (var.),Pepper (Capsicum),Red bell pepper
Russian,Allium,"Cattle (Beef, Veal)",Ketchup,Pasta,Red bell pepper,Soft-necked garlic,Soup,Sour cream,Vinegar,Water,Wheat
Russian,Allium,"Cattle (Beef, Veal)",Olive,Processed cheese,Red bell pepper,Salt,Sour cream
Russian,Allium,Ceylon cinnamon,Common grape,Dill,Garden tomato (var.),Olive,Pistachio,Rice
Russian,Allium,Cheese,Chicken,Common mushroom,Cooking oil,Eggs,Olive,Potato,Salad dressing,Salt,Soft-necked garlic
Russian,Allium,Cheese,Chicken,Common mushroom,Cream,Dill,Molasses,Pasta,Pepper (C. frutescens),Red bell pepper,Soft-necked garlic,Tamarind,Vinegar
Russian,Allium,Cheese,Chicken,Common wheat,Garden tomato (var.),Leavening agent,Mustard,Red bell pepper,Vinegar
Russian,Allium,Cheese,Chickpea,Common sage,Garden tomato,Herbs and Spices,Kale,Ketchup,Olive,Pepper (Spice),Rosemary,Sausage,Soft-necked garlic,Soup
Russian,Allium,Cheese,Chives,Common wheat,Eggs,Nutmeg,Pepper (Spice),Red bell pepper,Salted butter,Shallot,Soft-necked garlic,Soup
Russian,Allium,Cheese,Chives,Cream,Domestic pig,Milk (Cow),Pasta,Potato,Red bell pepper,Salted butter,Soft-necked garlic
Russian,Allium,Cheese,Chives,Domestic pig,Eggs,Pepper (Capsicum),Potato,Salted butter,Sour cream,Water,Wonton wrapper
Russian,Allium,Cheese,Common cabbage,Common mushroom,Common wheat,Cream,Pasta,Potato,Salted butter
Russian,Allium,Cheese,Common cabbage,Common mushroom,Common wheat,Milk (Cow),Mustard,Pasta,Salted butter,Sausage
Russian,Allium,Cheese,Common mushroom,Common wheat,Cream,Parsley,Pasta,Potato,Salted butter,Soft-necked garlic
Russian,Allium,Cheese,Common mushroom,Cooking oil,Dill,Eggs,Lemon,Milk (Cow),Red bell pepper,Rice,"Salmonidae (Salmon, Trout)",Salt,Salted butter,Soft-necked garlic,Sour cream,Spinach,Sugar,Wheat
Russian,Allium,Cheese,Common mushroom,Cooking oil,Sour cream
Russian,Allium,Cheese,Common wheat,Cooking oil,Cream,Eggs,Nutmeg,Pepper (Spice),Potato,Salted butter
Russian,Allium,Cheese,Common wheat,Cooking oil,Cream,Eggs,Potato,Red bell pepper,Salted butter
Russian,Allium,Cheese,Common wheat,Cream,Domestic pig,Eggs,Lard,Nutmeg,Pepper (Spice),Root vegetables,Salted butter
Russian,Allium,Cheese,Common wheat,Eggs,Pepper (Spice),Potato
Russian,Allium,Cheese,Common wheat,Eggs,Potato,Red bell pepper
Russian,Allium,Cheese,Common wheat,Eggs,Salted butter
Russian,Allium,Cheese,Cooking oil,Eggs,Nutmeg,Pepper (Spice),Potato,Salt,Salted butter,Water,Wheat
Russian,Allium,Cheese,Coriander,Eggs,Leavening agent,Lemon,Mentha,Olive,Pepper (Capsicum),Pepper (Spice),Salt,Salted butter,Soft-necked garlic,Sugar,Water,Wheat,Wild leek
Russian,Allium,Cheese,Cream,Eggs,Leavening agent,Potato,Salt,Salted butter,Sour cream
Russian,Allium,Cheese,Cream,Eggs,Potato,Salted butter
Russian,Allium,Cheese,Dill,Eggs,Olive,Salted butter,Soft-necked garlic,Yogurt
Russian,Allium,Cheese,Domestic pig,Garden tomato (var.),Mustard,Salt,Soft-necked garlic
Russian,Allium,Cheese,Domestic pig,Potato,Salted butter
Russian,Allium,Cheese,Eggs,Salt,Salted butter,Semolina
Russian,Allium,Cheese,Pasta,Potato,Salted butter
Russian,Allium,Chicken,Common cabbage,Common wheat,Cooking oil,Cream,Dill,Potato,Red bell pepper,Root vegetables,Scarlet bean
Russian,Allium,Chicken,Common mushroom,Cooking oil,Cream,Red bell pepper
Russian,Allium,Chicken,Common mushroom,Eggs,Flour,Olive,Other bread product,Salt
Russian,Allium,Chicken,Common sage,Common thyme,Common wheat,Eggs,Olive,Pepper (Spice),Rosemary,Sweet basil,Sweet marjoram,Wild celery
Russian,Allium,Chicken,Common thyme,Common wheat,Lard,Milk (Cow),Pepper (Spice),Red bell pepper,Soft-necked garlic
Russian,Allium,Chicken,Common wheat,Cream,Domestic pig,Garden tomato (var.),Lard,Red bell pepper,Soft-necked garlic
Russian,Allium,Chicken,Common wheat,Eggs,Milk (Cow),Salt,Sweet bay,Wheat
Russian,Allium,Chicken,Cooking oil,Coriander,Cumin,Garden tomato,Garden tomato (var.),Ginger,Pepper,Pepper (Spice),Salt,Soft-necked garlic,Yogurt
Russian,Allium,Chicken,Cooking oil,Cream,Garden tomato (var.),Parsley,Pasta,Pepper (Spice),Red bell pepper,Salted butter,Soft-necked garlic
Russian,Allium,Chicken,Cooking oil,Eggs,Lettuce,Parsley,Red bell pepper,Salted butter
Russian,Allium,Chicken,Cooking oil,Herbal tea,Ketchup,Pepper (Capsicum),Salt,Tamarind
Russian,Allium,Chicken,Cooking oil,Ketchup,Parsley,Pepper,Pepper (Spice),Salt,Soft-necked garlic,Sour cream,Water
Russian,Allium,Chicken,Dill,Domestic pig,Eggs,Milk (Cow),Olive,Pepper (Spice),Rye,Salted butter,Soft-necked garlic,Soup,Wild celery
Russian,Allium,Chicken,Domestic pig,Eggs,Other bread product,Red bell pepper,Salad dressing,Salt,Water
Russian,Allium,Chicken,Garden tomato,Pepper,Salted butter,Soup,Sour cream
Russian,Allium,Chicken,Garden tomato (var.),Pepper (Spice),Salted butter,Soup
Russian,Allium,Chicken,Wild celery
Russian,Allium,Chives,Cocoa powder,Common wheat,Cooking oil,Cream,Cucumber,Eggs,Mustard,Other alcoholic beverage,Parsley,Robusta coffee,Salted butter,Vanilla
Russian,Allium,Chives,Common buckwheat,Common wheat,Cream,Eggs,Fishes,Milk (Cow),Pink salmon,Salted butter,Sturgeon
Russian,Allium,Chives,Common mushroom,Common thyme,Common wheat,Eggs,Milk (Cow),Nutmeg,Olive,Parsley,Red bell pepper,Rosemary,Salted butter,Soup
Russian,Allium,Chives,Cooking oil,Dill,Garden tomato (var.),Parsley,Soft-necked garlic,Vinegar
Russian,Allium,"Clupeinae (Herring, Sardine, Sprat)",Eggs,Lemon,Olive,Other bread product,Parsley,"Pleuronectidae (Dab, Halibut, Plaice)",Sauce,Soft-necked garlic,Wheat
Russian,Allium,Common beet,Cucumber,Grape wine,Pepper (Spice),Salt,Soup,Sour cream
Russian,Allium,Common beet,Domestic pig,Grape wine,Potato,Red bell pepper,Salt,Sour cream,Water
Russian,Allium,Common buckwheat,Common mushroom,Cooking oil,Eggs,Soft-necked garlic,Soup,Water
Russian,Allium,Common buckwheat,Common mushroom,Root vegetables,Salt
Russian,Allium,Common buckwheat,Common thyme,Eggs,Olive,Parsley,Pepper (Spice),Salt,Salted butter,Walnut,Water
Russian,Allium,Common buckwheat,Eggs,Green zucchini,Olive,Red bell pepper,Soft-necked garlic,Soup,Yogurt
Russian,Allium,Common cabbage,Common mushroom,Common wheat,Cooking oil,Cream,Domestic pig,European plum,Pepper (Spice),Red bell pepper,Sausage,Soup,Sweet bay,Water
Russian,Allium,Common cabbage,Common mushroom,Cooking oil,Cream,Pepper (Spice)
Russian,Allium,Common cabbage,Common mushroom,Cooking oil,Pepper (Spice),Salt,Sour cream
Russian,Allium,Common cabbage,Common mushroom,Cooking oil,Red bell pepper,Salt,Sour cream
Russian,Allium,Common cabbage,Common mushroom,Domestic pig,Pasta,Red bell pepper,Salted butter
Russian,Allium,Common cabbage,Common mushroom,Dumpling,Salted butter,Sour cream,Water,Wheat
Russian,Allium,Common cabbage,Common mushroom,Pasta,Red bell pepper,Salted butter,Soft-necked garlic
Russian,Allium,Common cabbage,Common mushroom,Pasta,Salted butter
Russian,Allium,Common cabbage,Common wheat,Cooking oil,Dill,Green bean,Potato,Red bell pepper,Root vegetables,Salt,Sour cream
Russian,Allium,Common cabbage,Common wheat,Cooking oil,Dill,Green bean,Potato,Red bell pepper,Soup,Sour cream
Russian,Allium,Common cabbage,Common wheat,Cream,Domestic pig,Eggs,Lard,Milk (Cow),Salted butter
Russian,Allium,Common cabbage,Cooking oil,Cumin,Garden tomato (var.),Molasses,Pepper (Spice),Soft-necked garlic
Russian,Allium,Common cabbage,Mustard,Olive,Other bread product,Pepper,Red bell pepper,Salt,Sausage
Russian,Allium,Common grape,Common oregano,Cooking oil,Cumin,Lemon,Pepper (Spice),Rice,Robusta coffee,Yogurt
Russian,Allium,Common mushroom,Common thyme,Dill,Eggs,Pastry,Pepper (Spice),Pink salmon,Salt,Spinach
Russian,Allium,Common mushroom,Common wheat,Cream,Dill,Lemon,Milk (Cow),Parsley,Pepper (Spice),Red bell pepper,Salted butter,Soup,Soy sauce
Russian,Allium,Common mushroom,Cooking oil,Eggs,Milk (Cow),Potato,Salt,Sunflower,Water,Wheat
Russian,Allium,Common mushroom,Corn,Eggs,Flour,Meat bouillon,Pepper,Red bell pepper,Rice,"Salmonidae (Salmon, Trout)",Salt,Salted butter,Sauce,Shallot,Sour cream,Watercress
Russian,Allium,Common mushroom,Dill,Eggs,Lemon,Parsley,Pastry,Pepper (Spice),Pink salmon,Rice,Salt,Salted butter
Russian,Allium,Common mushroom,Flour,Leavening agent,Potato,Root vegetables,Salt,Sugar,Water
Russian,Allium,Common mushroom,Leavening agent,Potato,Salt,Salted butter,Sour cream,Water,Wheat
Russian,Allium,Common pea,Corn,Crab,Cream,Eggs,Salad dressing
Russian,Allium,Common pea,Cucumber,Eggs,Potato,Salad dressing,Salt,Turkey
Russian,Allium,Common pea,Dill,Eggs,Potato,Salad dressing,Salt,Turkey
Russian,Allium,Common wheat,Cooking oil,Cream,Domestic pig,European plum,Red beetroot,Red bell pepper
Russian,Allium,Common wheat,Cooking oil,Cumin,Garden tomato (var.),Red beetroot,Soft-necked garlic
Russian,Allium,Common wheat,Cooking oil,Eggs,Pepper (Spice),Sweet potato
Russian,Allium,Common wheat,Cooking oil,Eggs,Potato,Red bell pepper
Russian,Allium,Common wheat,Cooking oil,Pepper (Spice),Potato,Red bell pepper,Soft-necked garlic
Russian,Allium,Common wheat,Coriander,Corn,Cream,Garden tomato (var.),Lime,Pepper (Capsicum),Salted butter,Sausage
Russian,Allium,Common wheat,Corn,Cream,Domestic pig,Garden tomato (var.),Molasses,Red bell pepper,Sherry,Soft-necked garlic,Sweet bay,Tamarind,Vinegar,Wild celery
Russian,Allium,Common wheat,Cream,Garden tomato (var.),Lemon,Pepper (Spice),Red bell pepper,Soft-necked garlic
Russian,Allium,Common wheat,Cucumber,Garden tomato (var.),Lemon,Mentha,Olive,Parsley,Soup
Russian,Allium,Common wheat,Domestic pig,Eggs,Milk (Cow),Potato,Red bell pepper
Russian,Allium,Common wheat,Domestic pig,Eggs,Olive,Pepper (Spice),Potato
Russian,Allium,Common wheat,Eggs,Fishes,Lemon,Olive,Parsley,Soft-necked garlic,White bread
Russian,Allium,Cooking oil,Corn,Cream,Eggs,Garden tomato (var.),Molasses,Mustard,Parsley,Pepper (Capsicum),Soft-necked garlic,Tamarind,Vinegar,Wild celery
Russian,Allium,Cooking oil,Corn,Eggs,Garden tomato (var.),Horseradish,Molasses,Parsley,Pepper (Capsicum),Soft-necked garlic,Tamarind,Vinegar,Wild celery
Russian,Allium,Cooking oil,Dill,Potato,Red bell pepper,Salad dressing,Salt,Soft-necked garlic,Sour cream
Russian,Allium,Cooking oil,Domestic pig,Eggs,Other bread product,Salt,Soft-necked garlic,Water
Russian,Allium,Cooking oil,Domestic pig,Garden tomato (var.),Red bell pepper
Russian,Allium,Cooking oil,Eggplant,Garden tomato,Grape wine,Red bell pepper,Salt,Sugar,Water
Russian,Allium,Cooking oil,Eggplant,Garden tomato (var.),Grape wine,Red bell pepper,Salt,Sugar,Water
Russian,Allium,Cooking oil,Eggs,Olive,Parsley,Pink salmon,Potato
Russian,Allium,Cooking oil,Eggs,Pepper (Spice),Salt,Sweet potato,Wheat
Russian,Allium,Cooking oil,Eggs,Potato,Red bell pepper,Salt,Water,Wheat
Russian,Allium,Cooking oil,Eggs,Potato,Red bell pepper,White bread
Russian,Allium,Cooking oil,Eggs,Potato,Salt,Water,Wheat
Russian,Allium,Cooking oil,Flour,Pepper (Spice),Potato,Soup,Wild celery
Russian,Allium,Cooking oil,Garden tomato (var.),Grape wine,Red bell pepper,Vinegar
Russian,Allium,Cooking oil,Pepper (Spice),Potato,Red bell pepper,Sausage,Soft-necked garlic
Russian,Allium,Coriander,Dill,Domestic pig,Fenugreek,Olive,Potato,Soft-necked garlic,Summer savory
Russian,Allium,Corn,Crab,Cucumber,Dill,Eggs,Rice,Salad dressing,Soft-necked garlic,Water
Russian,Allium,Cream,Dill,Garden tomato (var.),Red bell pepper
Russian,Allium,Cream,Domestic pig,Garden tomato (var.),Pasta,Pepper (Spice),Red bell pepper,Soft-necked garlic,Soup
Russian,Allium,Cream,Domestic pig,Grape wine,Potato,Red beetroot,Red bell pepper,Vinegar
Russian,Allium,Cream,Haddock,Milk (Cow),Parsley,Pepper (Spice),Potato,Salted butter,Water,Wild celery
Russian,Allium,Cream,Ketchup,Mustard,Parsley,Salad dressing,Sauce,Sour cream
Russian,Allium,Cucumber,Daikon radish,Dill,Domestic pig,Eggs,Milk (Cow),Mustard,Pepper (Spice),Potato,Salt,Sugar,Yogurt
Russian,Allium,Cucumber,Dill,Domestic pig,Eggs,Potato,Salt,Sour cream,Vinegar,Water
Russian,Allium,Cucumber,Dill,Eggs,Mustard,Potato,Sausage,Sour cream,Water
Russian,Allium,Cucumber,Dill,Eggs,Potato,Salt,Sorrel,Sour cream,Spinach,Sugar,Vinegar
Russian,Allium,Cucumber,Dill,Garden tomato,Olive,Red bell pepper,Salt,Shallot
Russian,Allium,Cucumber,Dill,Herbs and Spices,Salt,Soft-necked garlic,Sugar,Vinegar,Water
Russian,Allium,Cucumber,Garden tomato (var.),Lemon,Lettuce,Olive,Parsley,Salt,Sour cream
Russian,Allium,Cucumber,Grape wine,Red beetroot,Red bell pepper,Salt,Soup,Sour cream
Russian,Allium,Cucumber,Pepper,Salt,Vinegar,Water
Russian,Allium,Cucumber,Red bell pepper,Vinegar
Russian,Allium,Cumin,Garden tomato (var.),Mentha,Parsley,Pepper (Capsicum),Red bell pepper,"Sheep (Mutton, Lamb)",Soft-necked garlic,Sweet basil,White bread
Russian,Allium,Daikon radish,Grape wine,Pepper,Salt,Sugar
Russian,Allium,Daikon radish,Potato,Salt,Sorrel,Sour cream,Water
Russian,Allium,Dill,Domestic pig,Eggs,Olive,Potato,Salt,Soup,Sour cream,Sweet bay,Water
Russian,Allium,Dill,Domestic pig,Grape wine,Mustard,Pepper (Spice),Potato,Vinegar
Russian,Allium,Dill,Eggplant,Garden tomato (var.),Parsley,Potato,Red bell pepper,"Sheep (Mutton, Lamb)",Soft-necked garlic
Russian,Allium,Dill,Eggs,Parsley,Potato,Rice,Salt,Sour cream,Spinach
Russian,Allium,Dill,Garden tomato (var.),Red bell pepper,Sour cream
Russian,Allium,Domestic pig,Eggs,Milk (Cow),Potato,Salted butter
Russian,Allium,Domestic pig,Eggs,Olive,Other bread product,Parsley,Red bell pepper,Salad dressing,Salt,Soft-necked garlic,Turkey
Russian,Allium,Domestic pig,Eggs,Olive,Parsley,Potato,Salt,Salted butter,Sour cream,Wheat
Russian,Allium,Domestic pig,Grape wine,Olive,Red bell pepper,Salt,Soft-necked garlic
Russian,Allium,Domestic pig,Grape wine,Pepper (Spice),Pomegranate,Salad dressing,Salt
Russian,Allium,Domestic pig,Grape wine,Potato,Red beetroot,Salt,Sour cream,Water
Russian,Allium,Eggplant,Garden tomato,Lemon,Pepper,Pepper (Spice),Salt,Soft-necked garlic,Sour cream,Water,Wheat
Russian,Allium,Eggplant,Garden tomato (var.),Ketchup,Olive,Red bell pepper
Russian,Allium,Eggplant,Garden tomato (var.),Lemon,Pepper,Red bell pepper,Salt,Soft-necked garlic,Sour cream,Water,Wheat
Russian,Allium,Eggs,Fats and oils,Leavening agent,Other bread product,Potato,Red bell pepper,Salt
Russian,Allium,Eggs,Garden tomato (var.),Olive,Red bell pepper,Rye
Russian,Allium,Eggs,Olive,Parsley,Pink salmon,Potato,Salad dressing
Russian,Allium,Fishes,Lemon,Parsley,Potato,Red bell pepper,Salt,Water
Russian,Allium,Garden tomato (var.),Lemon,Milk (Cow),Olive
Russian,Allium,Garden tomato (var.),Pepper (Spice),Red bell pepper,Rice,Salted butter
Russian,Allium,Horseradish,Ketchup,Parsley,Pepper,Salad dressing,Sauce
Russian,Allium,Kale,Olive,Pepper,Potato,Red bell pepper,Salt,Sausage,Soft-necked garlic,Soup
Russian,Allium,Lemon,Molasses,Pepper (C. frutescens),Sausage,Tamarind,Vinegar
Russian,Allium,Lemon,Pacific cod,Parsley,Potato,Red bell pepper
Russian,Allium,Lemon,Pacific cod,Parsley,Potato,Red bell pepper,Salt,Water
Russian,Allium,Lemon,Pacific cod,Parsley,Potato,Water
Russian,Allium,Lettuce,Milk (Cow),Parsley,Red bell pepper,"Sheep (Mutton, Lamb)",Soft-necked garlic,White bread,Yogurt
Russian,Allium,Opium poppy,Pasta,Salted butter
Russian,Allspice,Almond,Ceylon cinnamon,Chocolate,Cloves,Eggs,Lemon,Salt,Salted butter,Sugar
Russian,Allspice,American cranberry,Black walnut,Ceylon cinnamon,Cheese,Eggs,Salt,Salted butter,Sugar,Wheat
Russian,Allspice,Anise,Eggs,Flour,Honey,Leavening agent,Milk (Cow),Nutmeg,Robusta coffee,Salted butter,Sugar,Vanilla,Vinegar,Water
Russian,Allspice,Caraway,Carrot,Common cabbage,Common mushroom,Cooking oil,Dill,Grape wine,Leek,Parsnip,Pepper (Spice),Salt,Soft-necked garlic,Soup,Sour cream,Sweet bay,Sweet marjoram,Wild celery
Russian,Allspice,Cloves,Lemon,Pineapple,Sugar,Sweet orange,Water
Russian,Almond,Apple,Ceylon cinnamon,Eggs,Lemon,Nutmeg,Salt,Sugar,Wheat
Russian,Almond,Apricot,Barley,Ceylon cinnamon,Common grape,Dill,Honey
Russian,Almond,Apricot,Barley,Ceylon cinnamon,Common grape,Honey,Opium poppy,Salt,Sugar
Russian,Almond,Apricot,Buttermilk,Cake,Common grape,Cooking oil,Eggs,Leavening agent,Other alcoholic beverage,Other candy,Salt,Salted butter,Sugar,Vanilla,Wheat
Russian,Almond,Blackcurrant,Cardamom,Citrus,Common grape,Cream,Eggs,Leavening agent,Lemon,Milk (Cow),Nutmeg,Saffron,Salt,Salted butter,Sugar,Vanilla,Wheat
Russian,Almond,Blackcurrant,Ceylon cinnamon,Common grape,Common wheat,Eggs,Leavening agent,Lemon,Milk (Cow),Molasses,Salted butter,Sweet orange,Vanilla
Russian,Almond,Blackcurrant,Ceylon cinnamon,Common wheat,Eggs,Lemon,Salted butter
Russian,Almond,Blackcurrant,Cheese,Cream,Lemon,Salted butter,Vanilla
Russian,Almond,Blackcurrant,Cheese,Lemon,Salted butter,Sour cream,Sugar,Vanilla
Russian,Almond,Butter,Cardamom,Eggs,Flour,Fruit salad,Leavening agent,Lemon,Milk (Cow),Salt,Salted butter,Sugar,Vanilla,Water
Russian,Almond,Cardamom,Ceylon cinnamon,Eggs,Flour,Fruit preserve,Ginger,Honey,Leavening agent,Lemon,Nutmeg,Peach,"Rubus (Blackberry, Raspberry)",Salted butter,Sugar
Russian,Almond,Cardamom,Common grape,Eggs,Honey,Leavening agent,Lemon,Liquor,Milk (Cow),Saffron,Salt,Salted butter,Sugar,Vanilla,Water,Wheat
Russian,Almond,Cardamom,Common grape,Eggs,Leavening agent,Lemon,Milk (Cow),Other alcoholic beverage,Salt,Salted butter,Sugar,Sweet orange,Vanilla,Water,Wheat
Russian,Almond,Ceylon cinnamon,Citrus,Cocoa powder,Common wheat,Eggs,Fruit salad,Ginger,Hazelnut,Honey,Lemon,Molasses,Rice,Salted butter,Sweet orange
Russian,Almond,Ceylon cinnamon,Cloves,Cocoa powder,Eggs,Ginger,Hazelnut,Honey,Leavening agent,Other fruit product,Salt,Salted butter,Sugar,Water,Wheat
Russian,Almond,Ceylon cinnamon,Cloves,Eggs,Fruit preserve,Lemon,Salt,Salted butter,Sugar,Wheat
Russian,Almond,Ceylon cinnamon,Common wheat,Eggs,European plum,Lemon,Salted butter
Russian,Almond,Ceylon cinnamon,Eggs,Lemon,Salted butter
Russian,Almond,Cheese,Common grape,Cream,Eggs,Lemon,Other fruit product,Sugar,Vanilla
Russian,Almond,Cheese,Cream,Eggs,Other fruit product,Salt,Salted butter,Sugar,Vanilla
Russian,Almond,Cheese,Eggs,Lemon,Salted butter,Sour cream,Sugar,Vanilla
Russian,Almond,Citrus,Common grape,Eggs,Leavening agent,Lemon,Milk (Cow),Other alcoholic beverage,Salt,Salted butter,Sugar,Vanilla,Wheat
Russian,Almond,Cloves,Common walnut,Cooking oil,Eggs,Leavening agent,Salt,Salted butter,Sugar,Vanilla,Wheat
Russian,Almond,Cocoa powder,Common wheat,Cooking oil,Cream,Eggs,Liquor,Robusta coffee
Russian,Almond,Common grape,Common wheat,Cream,Honey,Opium poppy,Vanilla,Walnut,Water
Russian,Almond,Common grape,Common wheat,Eggs,Fruit salad,Ginger,Leavening agent,Milk (Cow),Nutmeg,Salted butter,Sweet orange
Russian,Almond,Common grape,Common wheat,Eggs,Leavening agent,Milk (Cow),Salted butter,Sweet orange
Russian,Almond,Common grape,Eggs,Flour,Leavening agent,Lemon,Milk (Cow),Other alcoholic beverage,Other fruit product,Salt,Salted butter,Sugar,Vanilla,Water
Russian,Almond,Common grape,Eggs,Flour,Leavening agent,Lemon,Milk (Cow),Salt,Salted butter,Sugar
Russian,Almond,Common grape,Eggs,Leavening agent,Lemon,Liquor,Milk (Cow),Salt,Salted butter,Sugar,Sweet orange,Vanilla,Water,Wheat
Russian,Almond,Common grape,Eggs,Leavening agent,Milk (Cow),Salt,Salted butter,Sugar,Sweet orange,Water,Wheat
Russian,Almond,Common wheat,Cooking oil,Cream,Eggs,Herbs and Spices,Liquor,"Prunus (Cherry, Plum)",Salted butter,Vanilla
Russian,Almond,Common wheat,Corn,Eggs,Lemon,Liquor,Milk (Cow),"Prunus (Cherry, Plum)",Salted butter,Vanilla
Russian,Almond,Common wheat,Cream,Eggs,Salted butter,Vanilla
Russian,Almond,Common wheat,Eggs,Salted butter,Vanilla
Russian,Almond,Corn,Grape wine,Sour cherry,Sugar,Syrup
Russian,Almond,Cream,Eggs,Leavening agent,Salted butter,Sugar,Vanilla,Wheat
Russian,Almond,Grape wine,Rice,Sour cherry
Russian,Almond,Lemon,Sugar,Sweet orange,Vanilla,Water
Russian,American cranberry,Apple,Apricot,Butter,Ceylon cinnamon,Common buckwheat,Common grape,Eggs,Ginger,Milk (Cow),Nutmeg,Salt,Sugar
Russian,American cranberry,Apricot,Ceylon cinnamon,Common wheat,Eggs,Hazelnut,Salted butter,Sweet orange,Vanilla
Russian,American cranberry,Black walnut,Ceylon cinnamon,Cheese,Common wheat,Eggs,Salted butter
Russian,American cranberry,Potato,Sugar,Water
Russian,Anchovy,Biscuit,Capers,Caraway,Cheese,Pepper,Salted butter,Shallot
Russian,Anise,Common wheat,Eggs,Lard,Salted butter
Russian,Apple,Banana,Buttermilk,Ceylon cinnamon,Common wheat,Eggs,Lard,Nutmeg,Vanilla
Russian,Apple,Black walnut,Ceylon cinnamon,Cheese,Common wheat,Eggs,Ginger,Honey,Milk (Cow),Molasses,Nutmeg,Salted butter,Vanilla
Russian,Apple,Black walnut,Cheese,Common wheat,Cooking oil,Eggs,Molasses,"Prunus (Cherry, Plum)",Salted butter,Vanilla
Russian,Apple,Black walnut,Cheese,Cooking oil,Eggs,Salt,Salted butter,Sour cherry,Sugar,Vanilla,Wheat
Russian,Apple,Butter,Cheese,Eggs,Salt,Sour cream,Sugar,Vanilla,Water,Wheat
Russian,Apple,Cabbage,Common beet,Ginger,Salt,Water
Russian,Apple,Caraway,Cocoa powder,Common wheat,Fennel,Leavening agent,Molasses,Robusta coffee,Rye,Salt,Salted butter,Sugar,Water,Wheat
Russian,Apple,Caraway,Cooking oil,Cream,Cucumber,Dill,Fishes,Grape wine,Horseradish,Lemon,Lettuce,Olive,Parsley,Pepper (Spice),Red beetroot,Roe,Soft-necked garlic,Vinegar
Russian,Apple,Carrot,"Cattle (Beef, Veal)",Common beet,Dill,Eggs,Garden onion,Other alcoholic beverage,Pepper (Spice),Potato,Salad dressing,Salt,Sour cream
Russian,Apple,Carrot,Common pea,Cooking oil,Corn,Cucumber,Eggs,Mustard,Potato,Salad dressing,Salt
Russian,Apple,Carrot,Common pea,Cucumber,Dill,Eggs,Potato,Red bell pepper,Salad dressing,Salt
Russian,Apple,Carrot,Cooking oil,Garden tomato,Pepper,Red bell pepper,Salt,Soft-necked garlic
Russian,Apple,"Cattle (Beef, Veal)",Common grape,Common wheat,Cream,European plum,Lemon,Parsley,Red bell pepper,Wild celery
Russian,Apple,Ceylon cinnamon,Cheese,Common wheat,Cooking oil,Eggs,Salted butter,Vanilla
Russian,Apple,Ceylon cinnamon,Cheese,Cooking oil,Eggs,Salt,Salted butter,Sugar,Vanilla,Water,Wheat
Russian,Apple,Ceylon cinnamon,Cocoa powder,Eggs,Leavening agent,Mixed nuts,Other alcoholic beverage,Salted butter,Sugar,Vanilla,Wheat
Russian,Apple,Ceylon cinnamon,Common grape,Eggs,Leavening agent,Lemon,Salt,Salted butter,Soft drink,Sugar,Wheat
Russian,Apple,Ceylon cinnamon,Common wheat,Cream,Eggs,Molasses,Salted butter
Russian,Apple,Ceylon cinnamon,Cream,Eggs,Leavening agent,Salt,Salted butter,Sugar,Wheat
Russian,Apple,Ceylon cinnamon,Ginger,Lemon,Potato,Sour cream,Sugar,"Vaccinium (Blueberry, Cranberry, Huckleberry)",Water
Russian,Apple,Cheese,Common wheat,Salted butter
Russian,Apple,Cheese,Eggs,Leavening agent,Milk (Cow),Salted butter,Sour cream,Sugar,Vanilla,Wheat
Russian,Apple,Chives,Common wheat,Cooking oil,Cream,Eggs,Lemon,Parsnip,Pepper (Spice),Potato
Russian,Apple,Cinnamon,Common grape,Honey,Leavening agent,Sugar
Russian,Apple,Cloves,Common grape,Common wheat,Cooking oil,Honey,Leavening agent,Nutmeg,Oat,Salt,Sweet orange,Walnut
Russian,Apple,Common grape,Common wheat,Cooking oil,Eggs,Lemon,Liquor,Milk (Cow),Pecan nut,Sweet orange
Russian,Apple,Common grape,Other frozen dessert,Pastry,Salt,Salted butter,Sugar,Walnut
Russian,Apple,Cooking oil,Flour,Leavening agent,Salt,Sugar,Water,Wheat
Russian,Apple,Eggs,Flour,Leavening agent,Sugar,Vanilla
Russian,Apple,Eggs,Flour,Milk (Cow),"Prunus (Cherry, Plum)",Salt,Sugar
Russian,Apple,Eggs,Flour,Sugar
Russian,Apple,Eggs,Leavening agent,Salt,Sour cream,Sugar,Vanilla,Wheat
Russian,Apple,Eggs,Leavening agent,Salted butter,Sugar,Vanilla,Wheat
Russian,Apple,Eggs,Leavening agent,Sugar,Wheat,White bread
Russian,Apple,"Prunus (Cherry, Plum)"
Russian,Apple cider,Beer,Cloves,Domestic pig,Mustard,Pepper (Spice),Salt,Sugar,Sweet bay
Russian,Apple cider,Brussel sprouts,Dill,Garden tomato (var.),Rice,Salted butter,Soup,Vinegar
Russian,Apple cider,Caraway,Cocoa powder,Common wheat,Corn,Dill,Fennel,Leavening agent,Molasses,Robusta coffee,Rye,Salted butter,Vinegar
Russian,Apple cider,"Cattle (Beef, Veal)",Eggs,Horseradish,Red beetroot,Vinegar
Russian,Apricot,Biscuit,Ceylon cinnamon,Dumpling,Other bread product,Salted butter,Sugar,Walnut,Water
Russian,Apricot,Black walnut,Ceylon cinnamon,Cheese,Common wheat,Liquor,Pasta,Potato,Salted butter,White bread
Russian,Apricot,Black walnut,Ceylon cinnamon,Common wheat,Cream,Eggs,Leavening agent,Lemon,Milk (Cow),Salted butter
Russian,Apricot,Black walnut,Ceylon cinnamon,Common wheat,Cream,Eggs,Leavening agent,Salted butter
Russian,Apricot,Black walnut,Common wheat,Eggs,Honey,Milk (Cow),Salted butter,White bread
Russian,Apricot,Black walnut,Eggs,Honey,Leavening agent,Milk (Cow),Other bread product,Salted butter,Sugar,Wheat
Russian,Apricot,Ceylon cinnamon,Cheese,Common grape,Common wheat,Eggs,Honey,Salted butter,Sweet orange
Russian,Apricot,Ceylon cinnamon,Cheese,Common grape,Eggs,Honey,Salt,Salted butter,Sugar,Sweet orange,Water,Wheat
Russian,Apricot,Ceylon cinnamon,Cloves,Cocoa powder,Cream,Eggs,Hazelnut,Salt,Salted butter,Sugar,Sweet orange,Wheat,Yogurt
Russian,Apricot,Ceylon cinnamon,Cloves,Common grape,Common wheat,Date,Eggs,Honey,Leavening agent,Nutmeg,Salt,Walnut,Yogurt
Russian,Apricot,Ceylon cinnamon,Common wheat,Eggs,Hazelnut,Lemon,Salted butter
Russian,Apricot,Ceylon cinnamon,Eggs,Lemon,Salt,Salted butter,Sugar,Wheat,White bread
Russian,Apricot,Cheese,Common wheat,Fruit salad,Salted butter
Russian,Apricot,Cheese,Common wheat,Salted butter
Russian,Apricot,Chocolate,Cocoa powder,Cream,Eggs,Gelatin,Leavening agent,Salt,Salted butter,Sugar,Vanilla,Water,Wheat
Russian,Apricot,Cocoa powder,Common wheat,Cream,Eggs,Salted butter,Vanilla
Russian,Apricot,Cocoa powder,Eggs,Milk (Cow),Other alcoholic beverage,Salted butter
Russian,Apricot,Common wheat,Eggs,Hazelnut,Milk (Cow),Mixed nuts,Rice,Salted butter,Vanilla
Russian,Apricot,Common wheat,Eggs,Leavening agent,Lemon,Milk (Cow),Salted butter
Russian,Apricot,Common wheat,Eggs,Liquor,Milk (Cow),Salted butter,Vanilla
Russian,Apricot,Corn,Eggs,Hazelnut,Leavening agent,Milk (Cow),Salt,Salted butter,Sugar,Vanilla,Wheat
Russian,Apricot,Eggs,Honey,Leavening agent,Milk (Cow),Other bread product,Salted butter,Sugar,Walnut,Wheat
Russian,Apricot,Eggs,Liquor,Milk (Cow),Salt,Salted butter,Sugar,Wheat
Russian,Apricot,Other alcoholic beverage
Russian,Arrowroot,Blackcurrant,Fruit preserve,"Rubus (Blackberry, Raspberry)",Strawberry,Sugar,Vanilla,Water
Russian,Atlantic herring,Carrot,Common beet,Cooking oil,Garden onion,Pepper (Spice),Potato,Salad dressing
Russian,Bamboo shoots,"Cattle (Beef, Veal)",Dill,Lemon,Olive,Pepper (Spice),Red bell pepper,Salt,Shallot,Soft-necked garlic,Sweet bay
Russian,Bamboo shoots,Cooking oil,Cumin,Garden tomato,Herbs and Spices,Ketchup,Other bread product,Pepper,Pepper (Capsicum),Pepper (Spice),Potato,Salt,Sauce,Soft-necked garlic,Soy sauce,Vinegar
Russian,Banana,Cocoa powder,Common wheat,Cream,Eggs,Lard,Milk (Cow),Salted butter,Vanilla
Russian,Barley,Cabbage,Common cabbage,Domestic pig,Garden tomato
Russian,Barley,Carrot,Cucumber,Potato,Red bell pepper,Salt,Soup,Wild celery
Russian,Barley,Leavening agent,Oat
Russian,Biscuit,Eggs,Flour,Fruit salad,Meringue,Salted butter,Sour cream,Sugar,Walnut
Russian,Biscuit,Eggs,Flour,Honey,Leavening agent,Margarine-like spread,Sour cream,Sugar,Walnut
Russian,Biscuit,Eggs,Leavening agent,Lemon,Peppermint,Salt,Sour cream,Sugar,Vanilla,Vinegar,Wheat
Russian,"Bivalvia (Clam, Mussel, Oyster)",Common wheat,Cream,Dill,Eggs,Grape wine,Lard,Leek,Pink salmon,Rice,Salted butter,Shiitake
Russian,"Bivalvia (Clam, Mussel, Oyster)",Cream,Dill,Grape wine
Russian,"Bivalvia (Clam, Mussel, Oyster)",Dill,Eggs,Grape wine,Leek,Pastry,Rice,"Salmonidae (Salmon, Trout)",Salted butter,Shiitake,Sour cream,Water
Russian,Black walnut,Carrot,Salad dressing,Soft-necked garlic
Russian,Black walnut,Ceylon cinnamon,Cheese,Common wheat,Eggs,Salted butter
Russian,Black walnut,Ceylon cinnamon,Common grape,Common wheat,Cooking oil,Eggs,Honey,Milk (Cow)
Russian,Black walnut,Ceylon cinnamon,Common grape,Common wheat,Eggs,Honey,Leavening agent,Milk (Cow),Salted butter
Russian,Black walnut,Ceylon cinnamon,Grape wine,Molasses
Russian,Black walnut,Cheese,Chicken,Pineapple,Salad dressing,Salt,Soft-necked garlic,Sour cream
Russian,Black walnut,Cheese,Common wheat,Eggs,Honey,Salted butter
Russian,Black walnut,Cheese,Common wheat,Eggs,Salted butter,Vanilla
Russian,Black walnut,Cheese,European plum,Red beetroot,Salt,Soft-necked garlic,Sour cream
Russian,Black walnut,Common grape,Common wheat,Cream,Eggs,Leavening agent,Lemon,Milk (Cow),Salted butter
Russian,Black walnut,Common grape,Condensed milk,Eggs,Leavening agent,Opium poppy,Salted butter,Sour cream,Sugar,Wheat
Russian,Black walnut,Common grape,Eggs,Honey,Leavening agent,Lemon,Milk (Cow),Opium poppy,Salt,Salted butter,Sugar,Water,Wheat
Russian,Black walnut,Common wheat,Eggs,Lard,Milk (Cow),Mixed nuts,"Prunus (Cherry, Plum)",Salted butter,Vanilla
Russian,Black walnut,Common wheat,Eggs,Liquor,Salted butter,Vanilla
Russian,Black walnut,Condensed milk,Eggs,Lemon,Margarine-like spread,Salted butter,Water,Wheat
Russian,Black walnut,Cooking oil,Eggs,European plum,Red beetroot,Soft-necked garlic
Russian,Black walnut,Eggs
Russian,Black walnut,Eggs,Honey,Leavening agent,Lemon,Other alcoholic beverage,Salt,Salted butter,Sour cream,Sugar,Vanilla,Wheat
Russian,Black walnut,European plum,Red beetroot,Salad dressing,Salt,Soft-necked garlic
Russian,Black walnut,Salted butter,Sugar,Vanilla,Wheat
Russian,Blackcurrant,Common grape,Common wheat,Eggs,Lard,Lemon,Molasses,Nutmeg,Salted butter,Sweet orange
Russian,Blackcurrant,Common wheat,Eggs,Gelatin,Liquor,Milk (Cow),Rice,Salted butter,Vanilla
Russian,Blackcurrant,Eggs,Gelatin,Milk (Cow),"Rubus (Blackberry, Raspberry)",Strawberry,Vanilla
Russian,Boysenberry,Cheese,Cooking oil,Corn,Eggs,Lemon,Salt,Sour cream,Strawberry,Sugar,"Vaccinium (Blueberry, Cranberry, Huckleberry)",Water,Wheat
Russian,Broad bean,Capers,Carrot,Common bean,Cucumber,Eggs,Lemon,Potato,Salted butter,Vinegar,Wild celery
Russian,Brussel sprouts,Caraway,Olive
Russian,Brussel sprouts,Common oregano,Garden tomato (var.),Pepper (Spice),Root vegetables,Salted butter,Sausage,Soft-necked garlic
Russian,Butter,Capers,Chives,Common buckwheat,Leavening agent,Lentils,Oil palm,Salad dressing,Salt,Water,Wheat
Russian,Butter,Cheese,Common buckwheat,Dill,Eggs,Leavening agent,Lemon,Milk (Cow),Pink salmon,Salt,Salted butter,Sturgeon,Sugar,Water
Russian,Butter,Common buckwheat,Eggs,Leavening agent,Milk (Cow),Salt,Salted butter,Sugar,Wheat
Russian,Butter,Common grape,Cooking oil,Eggs,Flour,Icing,Leavening agent,Mentha,Milk (Cow),Salt,Sugar,Vanilla
Russian,Butter,Cooking oil,Eggs,Leavening agent,Milk (Cow),Salt,Sugar,Wheat
Russian,Butter,Coriander,Cumin,Eggs,Flour,Green plum,Leavening agent,Mallard duck,Milk (Cow),Salt,Soup,Sugar,Sweet orange,Walnut
Russian,Butter,Eggs,Flour,Leavening agent,Milk (Cow),Sugar
Russian,Butter,Eggs,Salt,Water,Wheat
Russian,Buttermilk,Caraway,Common wheat,Dill,Leavening agent,Rye
Russian,Buttermilk,Cheese,Cooking oil,Eggs,Leavening agent,Sugar,Vanilla,Vinegar,Wheat
Russian,Buttermilk,Cheese,Potato,Salt,Salted butter,Water,Wheat
Russian,Buttermilk,Common beet,Cucumber,Daikon radish,Dill,Salt,Sour cream,Water
Russian,Buttermilk,Common buckwheat,Eggs,Leavening agent,Salted butter,Shortening,Wheat
Russian,Buttermilk,Cooking oil,Eggs,Fruit preserve,Leavening agent,Salt,Salted butter,Sugar,Syrup,Wheat
Russian,Buttermilk,Cooking oil,Eggs,Leavening agent,Salt,Sugar,Wheat
Russian,Buttermilk,Cream,Cucumber,Dill,Radish,Red beetroot,Vinegar
Russian,Buttermilk,Eggs,Leavening agent,Pink salmon,Salt,Salted butter,Sour cream,Sugar,Water,Wheat
Russian,Cabbage,Carrot,"Cattle (Beef, Veal)",Cooking oil,Garden onion,Garden tomato,Parsley,Pepper,Rice,Salt,Sauce,Soft-necked garlic,Soup,Sugar,Sweet bay,Vinegar
Russian,Cabbage,Carrot,Common bean,Common beet,Common mushroom,Dill,Garden tomato,Lemon,Meat bouillon,Potato,Red bell pepper,Salt,Salted butter,Shallot,Sour cream,Water,Wild celery
Russian,Cabbage,Carrot,Common bean,Common beet,Cooking oil,Cucumber,Potato
Russian,Cabbage,Carrot,Common beet,Cooking oil,Dill,Garden onion,Garden tomato,Grape wine,Potato,Red bell pepper,Rye bread,Salt,Soft-necked garlic,Soup,Sour cream,Stew
Russian,Cabbage,Carrot,Common cabbage,Domestic pig,Flour,Garden tomato (var.),Parsley,Red bell pepper,Salted butter,Sweet bay,Wild celery
Russian,Cabbage,Carrot,Cooking oil,Red beetroot,Red bell pepper,Salt,Soft-necked garlic,Sugar,Vinegar,Water
Russian,Cabbage,Carrot,Salt,Sugar,Water
Russian,Cabbage,"Cattle (Beef, Veal)",Cheese,Common wheat,Cooking oil,Red bell pepper,White bread
Russian,Cabbage,"Cattle (Beef, Veal)",Cooking oil,Dill,Garden onion,Garden tomato,Lemon,Pepper,Potato,Salt,Sugar,Water
Russian,Cabbage,"Cattle (Beef, Veal)",Dill,Ginger,Herbs and Spices,Horseradish,Mustard,Oat,Parsley,Pepper (Spice),Potato,Sauce,Soft-necked garlic,Soup,Turkey,Water
Russian,Cabbage,"Cattle (Beef, Veal)",Domestic pig,Eggs,Garden onion,Ketchup,Parsley,Pepper (Spice),Rice,Salt,Soft-necked garlic,Sugar,Vinegar,Water
Russian,Cabbage,Cheese,Cooking oil,Grape wine,Lettuce,Mustard,Olive,Red bell pepper,Soft-necked garlic,Vinegar
Russian,Cabbage,Cheese,Eggs,Flour,Salt,Salted butter,Sugar
Russian,Cabbage,Common mushroom,Dill,Eggs,Garden onion,Lemon,Pastry,Pepper (Spice),Red bell pepper,Rice,"Salmonidae (Salmon, Trout)",Salt,Salted butter,Soup,Water,Wheat
Russian,Cabbage,Common oregano,Lettuce,Red bell pepper,Salad dressing,Salt,Salted butter,White bread
Russian,Cabbage,Common wheat,Eggs,Leavening agent,Milk (Cow),Red bell pepper,Salted butter
Russian,Cabbage,Cream,Eggs,Flour,Leavening agent,Root vegetables,Salt,Salted butter,Sugar
Russian,Cabbage,Cucumber,Daikon radish,Dill,Olive,Salt,Vinegar
Russian,Cabbage,Dill,Eggs,Pastry,Salt,Salted butter
Russian,Cabbage,Domestic pig,Pasta,Pepper (Spice)
Russian,Cabbage,Eggs,Leavening agent,Milk (Cow),Red bell pepper,Salt,Salted butter,Sugar,Wheat
Russian,Cabbage,Eggs,Leavening agent,Milk (Cow),Salt,Salted butter,Sugar,Wheat
Russian,Cabbage,Garden tomato (var.),Root vegetables,Salt
Russian,Capers,Chicken,Cooking oil,Eggs,Other bread product,Parsley,Pepper (Spice),Salt,Salted butter,Wheat
Russian,Caraway,"Cattle (Beef, Veal)",Cooking oil,Dill,Juniperus communis,Red bell pepper,Soft-necked garlic,Soup
Russian,Caraway,"Cattle (Beef, Veal)",Dill,Garden tomato (var.),Grape,Olive,Red bell pepper,Soft-necked garlic,Soup
Russian,Caraway,"Cattle (Beef, Veal)",Garden tomato (var.),Olive,Pepper,Red bell pepper,Soft-necked garlic,Soup,Vinegar
Russian,Caraway,Cheese,Common wheat,Dill,Fishes,Leavening agent,Red bell pepper,Salted butter,Shallot
Russian,Caraway,Cocoa powder,Cooking oil,Eggs,Flaxseed,Flour,Leavening agent,Molasses,Rice,Robusta coffee,Salt,Salted butter,Shortening,Sorghum,Sugar,Vinegar,Water
Russian,Caraway,Cocoa powder,Corn,Fennel,Leavening agent,Margarine-like spread,Robusta coffee,Rye,Salt,Sugar,Vinegar,Water,Wheat
Russian,Caraway,Common cabbage,Common wheat,Dill,Domestic pig,Eggs,Milk (Cow),Red bell pepper,Rice,White bread
Russian,Caraway,Cooking oil,Eggs,Pasta,Salted butter
Russian,Caraway,Cream,Eggs,European plum,Liquor,Sugar,Vanilla
Russian,Cardamom,Cheese,Cooking oil,Eggs,Garden rhubarb,Honey,Milk (Cow),Salt,Salted butter,Strawberry,Sugar,Sweet orange,Vanilla,Wheat
Russian,Cardamom,Cinnamon,Cloves,Ginger,Honey,Lemon,Mentha,Sugar
Russian,Cardamom,Common wheat,Eggs,Pecan nut,Salted butter,Strawberry,Vanilla
Russian,Carrot,Chicken,Common pea,Cucumber,Eggs,Lemon,Mustard,Pepper (Spice),Potato,Salad dressing,Salt
Russian,Carrot,Common mushroom,Common wheat,Cream,Dill,Leek,Milk (Cow),Pepper (Spice),Potato,Salted butter,Soup,Sweet bay
Russian,Carrot,Common mushroom,Cream,Dill,Leek,Pepper (Spice),Potato,Salt,Salted butter,Soup,Sweet bay,Wheat
Russian,Carrot,Common mushroom,Cream,Dill,Leek,Potato,Red bell pepper,Salt,Salted butter,Soup,Sweet bay,Wheat
Russian,Carrot,Common pea,Common thyme,Dandelion,Fennel,Kale,Lemon,Olive,Shallot,Spelt,Sweet marjoram,Wild celery
Russian,Carrot,Common pea,Corn,Cucumber,Fats and oils,Lemon,Mustard,Olive,Potato,Red bell pepper,Salad dressing,Salt
Russian,Carrot,Common pea,Cucumber,Dill,Eggs,Garden onion,Parsley,Potato,Red bell pepper,Salad dressing,Salt,Shrimp
Russian,Carrot,Common pea,Cucumber,Dill,Eggs,Garden onion,Parsley,Potato,Red bell pepper,Salad dressing,Salt,Vinegar
Russian,Carrot,Common pea,Cucumber,Dill,Eggs,Garden onion,Potato,Salad dressing,Salt,Shrimp
Russian,Carrot,Common pea,Cucumber,Domestic pig,Eggs,Parsley,Potato,Salad dressing
Russian,Carrot,Common pea,Cucumber,Parsley,Potato,Salad dressing
Russian,Carrot,Common pea,Dill,Domestic pig,Eggs,Potato,Salad dressing,Salt,Shallot,Vinegar
Russian,Carrot,Common thyme,Cream,Garden onion,Potato,Red bell pepper,Rice,Salt,Salted butter,Sorrel,Soup,Wild celery
Russian,Carrot,Salad dressing,Soft-necked garlic,Walnut
Russian,"Cattle (Beef, Veal)",Cheese,Common cabbage,Rye
Russian,"Cattle (Beef, Veal)",Cheese,Dill,Vinegar
Russian,"Cattle (Beef, Veal)",Cheese,Lemon,Pepper (Spice),Potato,Root vegetables,Salted butter
Russian,"Cattle (Beef, Veal)",Chicken,Cooking oil,Eggs,Garden onion,Pepper (Spice),Potato,Salt,Wheat
Russian,"Cattle (Beef, Veal)",Chives,Common mushroom,Cooking oil,Cream,Eggs,Lemon,Pepper (Spice),Salted butter,White bread
Russian,"Cattle (Beef, Veal)",Chives,Common mushroom,Cooking oil,Cream,Eggs,Other bread product,Pepper (Spice),Salt,Salted butter,Wheat bread
Russian,"Cattle (Beef, Veal)",Cloves,Cooking oil,Cucumber,Gelatin,Horseradish,Lemon,Lettuce,Pepper,Soft-necked garlic,Soup,Sour cream,Sweet bay,Water
Russian,"Cattle (Beef, Veal)",Common mushroom,Common sage,Dill,Garden onion,Kale,Pepper,Potato,Red beetroot,Soft-necked garlic,Soup,Sour cream,Sweet bay
Russian,"Cattle (Beef, Veal)",Common mushroom,Common thyme,Dill,Eggs,Grape,Olive,Pepper (Spice),Salt,Salted butter,Shallot,Sherry,Soft-necked garlic,Soup,Sour cream,Sugar,Wheat
Russian,"Cattle (Beef, Veal)",Common mushroom,Cooking oil,Dill,Liquor,Mustard,Pasta,Pepper,Salted butter,Shallot,Soup,Sour cream
Russian,"Cattle (Beef, Veal)",Common mushroom,Cream,Garden onion,Pasta
Russian,"Cattle (Beef, Veal)",Common mushroom,Dill,Mustard,Olive,Pepper (Spice),Salt,Salted butter,Shallot,Soup,Sour cream,Wheat
Russian,"Cattle (Beef, Veal)",Common mushroom,Domestic pig,Flour,Garden onion,Grape wine,Meat bouillon,Parsley,Pasta,Pepper (Spice),Salt,Salted butter,Sauce,Sour cream
Russian,"Cattle (Beef, Veal)",Common wheat,Dill,Milk (Cow),Potato,Root vegetables,Vinegar
Russian,"Cattle (Beef, Veal)",Cooking oil,Garden tomato (var.),Sour cream,Water,Wheat
Russian,"Cattle (Beef, Veal)",Cooking oil,Pasta,Red bell pepper,Soup,Sour cream
Russian,"Cattle (Beef, Veal)",Cream,Herbs and Spices,Olive,Pepper,Red bell pepper,Salt,Salted butter,Soft-necked garlic,Soy sauce,Water,Wheat
Russian,"Cattle (Beef, Veal)",Cumin,Eggs,Garden tomato (var.),Olive,Pepper (Spice),Potato,Red bell pepper,Summer savory,Yogurt
Russian,"Cattle (Beef, Veal)",Dill,Salted butter
Russian,"Cattle (Beef, Veal)",Domestic pig,Eggs,Pepper (Capsicum),Pepper (Spice),Red bell pepper,"Sheep (Mutton, Lamb)",Soft-necked garlic
Russian,"Cattle (Beef, Veal)",Domestic pig,Horseradish,Lard,Olive,Robusta coffee,Salted butter,Soft-necked garlic,Sweet potato
Russian,"Cattle (Beef, Veal)",Domestic pig,Molasses,Pepper (Spice),Soft-necked garlic,Sweet marjoram
Russian,"Cattle (Beef, Veal)",Domestic pig,Pepper (Spice),Soft-necked garlic
Russian,Ceylon cinnamon,Cheese,Common wheat,Eggs,Milk (Cow),Salted butter
Russian,Ceylon cinnamon,Cheese,Cooking oil,Eggs,Flour,Salt,Sour cream,Sugar,Vanilla
Russian,Ceylon cinnamon,Cheese,Eggs,Flour,Lemon,Salt,Sour cream,Sugar
Russian,Ceylon cinnamon,Cheese,Eggs,Leavening agent,Milk (Cow),Salted butter,Sugar,Water,Wheat
Russian,Ceylon cinnamon,Chocolate,Cloves,Corn,Cream,Eggs,Ginger,Leavening agent,Molasses,Salt,Salted butter,Sugar,Vanilla,Water,Wheat
Russian,Ceylon cinnamon,Cocoa powder,Common wheat,Corn,Cream,Eggs,Ginger,Molasses,Salted butter,Vanilla
Russian,Ceylon cinnamon,Cocoa powder,Common wheat,Cream,Eggs,Pecan nut,Salted butter,Vanilla
Russian,Ceylon cinnamon,Cocoa powder,Common wheat,Eggs,Leavening agent,Milk (Cow),Salted butter
Russian,Ceylon cinnamon,Coconut,Common grape,Flour,Leavening agent,Molasses,Salt,Sugar,Vanilla,Water,Wheat
Russian,Ceylon cinnamon,Common grape,Common wheat,Cooking oil,Cream,Eggs,Potato
Russian,Ceylon cinnamon,Common grape,Common wheat,Eggs,Leavening agent,Milk (Cow),Rice,Salted butter,Vanilla
Russian,Ceylon cinnamon,Common grape,Eggs,Margarine-like spread,Milk (Cow),Rice,Salt,Salted butter,Sugar,Vanilla,Water,Wheat,White bread
Russian,Ceylon cinnamon,Common wheat,Eggs,European plum,Leavening agent,Lime,Salted butter,White bread
Russian,Ceylon cinnamon,Common wheat,Eggs,Hazelnut,Nutmeg,"Prunus (Cherry, Plum)",Salted butter,Vanilla
Russian,Ceylon cinnamon,Cooking oil,Eggs,Flour,Leavening agent,Liquor,Salt,Salted butter,Sugar
Russian,Ceylon cinnamon,Cooking oil,Eggs,Flour,Leavening agent,Milk (Cow),Salted butter,Sugar
Russian,Ceylon cinnamon,Cream,Eggs,Honey,Leavening agent,Salt,Salted butter,Sour cream,Sugar,Water,Wheat
Russian,Ceylon cinnamon,Cream,Eggs,Leavening agent,Milk (Cow),Salt,Salted butter,Sugar,Wheat
Russian,Ceylon cinnamon,Eggs,Green plum,Other bread product,Potato,Salt,Salted butter,Sugar,Walnut,Wheat
Russian,Ceylon cinnamon,Eggs,Highbush blueberry,Salt,Sour cream,Sugar,Water,Wheat
Russian,Ceylon cinnamon,Eggs,Milk (Cow)
Russian,Cheese,Chicken,Common cabbage,Parsley,Pepper (Spice)
Russian,Cheese,Chives,Fennel,Lemon,Olive,Pink salmon,Rye bread,"Salmonidae (Salmon, Trout)"
Russian,Cheese,Common cabbage,Common wheat,Cream,Domestic pig,Eggs,Potato,Red bell pepper
Russian,Cheese,Common cabbage,Common wheat,Cream,Eggs,Potato
Russian,Cheese,Common grape,Common wheat,Cream,Eggs,Milk (Cow),Rice,Salted butter,Vanilla
Russian,Cheese,Common grape,Common wheat,Eggs,Lard,Leavening agent,Milk (Cow)
Russian,Cheese,Common grape,Cooking oil,Eggs,Flour,Milk (Cow),Opium poppy,Salt,Sugar
Russian,Cheese,Common grape,Cooking oil,Eggs,Leavening agent,Salt,Sugar,Vanilla,Wheat
Russian,Cheese,Common grape,Cooking oil,Eggs,Salt,Sugar,Wheat
Russian,Cheese,Common grape,Cream,Eggs,Lemon,Milk (Cow),Salted butter,Vanilla,White bread
Russian,Cheese,Common grape,Cream,Eggs,Liquor,Salted butter,Vanilla
Russian,Cheese,Common grape,Eggs,Flour,Potato,Salt,Salted butter,Sour cream,Sugar
Russian,Cheese,Common grape,Eggs,Flour,Salted butter,Semolina,Sour cream,Sugar substitute,Vanilla
Russian,Cheese,Common grape,Eggs,Fruit salad,Leavening agent,Olive,Salt,Sour cream,Sugar,Vinegar,Wheat
Russian,Cheese,Common grape,Eggs,Lemon,Milk (Cow),Other bread product,Pastry,Salted butter,Sauce,Sour cream,Sugar,Vanilla
Russian,Cheese,Common thyme,Common wheat,Hazelnut,Olive,Pepper (Spice),Salted butter
Russian,Cheese,Common wheat,Cooking oil,Cream,Eggs,Parsley,Salted butter,White bread
Russian,Cheese,Common wheat,Cooking oil,Eggs
Russian,Cheese,Common wheat,Eggs,Leavening agent,Salted butter
Russian,Cheese,Common wheat,Eggs,Milk (Cow)
Russian,Cheese,Common wheat,Eggs,Milk (Cow),Potato,Salted butter
Russian,Cheese,Common wheat,Eggs,Milk (Cow),Red bell pepper,Salted butter
Russian,Cheese,Common wheat,Salted butter,Strawberry
Russian,Cheese,Condensed milk,Cooking oil,Cream,Milk (Cow),Rye bread,Sour cream,Vanilla
Russian,Cheese,Condensed milk,Cream,Eggs,Flour,Salted butter,Sugar
Russian,Cheese,Cooking oil,Eggs,Flour,Potato,Sour cream
Russian,Cheese,Cooking oil,Eggs,Leavening agent,Lemon,Potato,Salt,Sour cherry,Sugar,Vanilla,Water,Wheat
Russian,Cheese,Cooking oil,Eggs,Leavening agent,Milk (Cow),Salt,Salted butter,Sour cream,Sugar,Vanilla,Wheat
Russian,Cheese,Cooking oil,Eggs,Other bread product,Parsley,Salt,Salted butter,Sour cream,Water,Wheat
Russian,Cheese,Cooking oil,Eggs,Salt,Sugar,Vanilla,Wheat
Russian,Cheese,Cooking oil,Eggs,Semolina,Sugar,Wheat
Russian,Cheese,Cooking oil,Eggs,Soft-necked garlic
Russian,Cheese,Corn
Russian,Cheese,Corn,Salt,Water
Russian,Cheese,Cream,Domestic pig,Pasta,Water
Russian,Cheese,Cream,Eggs,Leavening agent,"Rubus (Blackberry, Raspberry)",Sour cream,Sugar,Vanilla,Wheat
Russian,Cheese,Cream,Eggs,Salted butter,Sugar,Vanilla
Russian,Cheese,Cucumber,Eggs,Garden tomato (var.),Salted butter,Sausage,Soft-necked garlic,White bread
Russian,Cheese,Domestic pig,Eggs,Evaporated milk,Lasagna,Pepper (Spice),Salt,Sour cream
Russian,Cheese,Domestic pig,Eggs,Evaporated milk,Pasta,Red bell pepper,Salt,Sour cream
Russian,Cheese,Eggs,Flour,Salt,Salted butter,Sour cream,Sugar
Russian,Cheese,Eggs,Leavening agent,"Prunus (Cherry, Plum)",Salted butter,Sugar,Vanilla,Walnut,Wheat
Russian,Cheese,Eggs,Leavening agent,Salt,Salted butter,Water,Wheat
Russian,Cheese,Eggs,Milk (Cow),Salt,Wheat
Russian,Cheese,Eggs,Pepper (Spice),Potato,Salt,Salted butter,Yogurt
Russian,Cheese,Eggs,Pepper (Spice),Potato,Salted butter,Yogurt
Russian,Cheese,Eggs,Pineapple,Salad dressing,Salt,Shrimp
Russian,Cheese,Potato
Russian,Cheese,Potato,Red bell pepper
Russian,Cheese,Potato,Red bell pepper,Salt
Russian,Cheese,Salad dressing,Soft-necked garlic
Russian,Cheese,Salted butter,Sugar,Sweet orange,Vanilla
Russian,Chicken,Chives,Cooking oil,Eggs,Lemon,Other bread product,Parsley,Red bell pepper,Salt,Salted butter,Water
Russian,Chicken,Chives,Cooking oil,Eggs,Lemon,Parsley,Red bell pepper,Salted butter,White bread
Russian,Chicken,Chives,Eggs,Fishes,Grape wine,Lemon,Red bell pepper,Salted butter,White bread
Russian,Chicken,Common oregano,Cooking oil,Lemon,Red bell pepper,Soft-necked garlic,Vinegar
Russian,Chicken,Common pea,Cucumber,Dill,Eggs,Pepper (Spice),Potato,Salad dressing,Salt
Russian,Chicken,Common pea,Cucumber,Eggs,Garden tomato (var.),Potato,Red bell pepper,Salad dressing
Russian,Chicken,Common pea,Dill,Eggs,Garden tomato,Pepper (Spice),Potato,Salad dressing
Russian,Chicken,Common wheat,Cooking oil,Dill,Eggs,Lemon,Parsley,Pepper (Spice),Salted butter,Soft-necked garlic,White bread
Russian,Chicken,Common wheat,Cooking oil,Eggs,Lemon,Parsley,Pepper (Spice),Salted butter,White bread
Russian,Chicken,Cooking oil,Dill,Eggs,Lemon,Other bread product,Parsley,Pepper (Spice),Salted butter,Soft-necked garlic,Water,Wheat
Russian,Chicken,Cooking oil,Dill,Eggs,Lemon,Other bread product,Parsley,Red bell pepper,Salted butter,Soft-necked garlic,Water,Wheat
Russian,Chicken,Cooking oil,Dill,Eggs,Mustard,Olive,Potato,Vinegar,Wild celery
Russian,Chicken,Cucumber,Eggs,Mustard,Olive,Potato,Salad dressing,Salt,Wild celery
Russian,Chicken,Eggs,Milk (Cow),Other bread product,Pepper,Salt,Salted butter,White bread
Russian,Chicken,Eggs,Parsley,Salt,Sweet marjoram,Tarragon
Russian,Chicken,Pepper (Spice),Salt,Salted butter,Soup
Russian,Chickpea,Cumin,Lemon,Mixed nuts,Olive,Parsley,Sesame,Soft-necked garlic,White bread
Russian,Chives,Common buckwheat,Common wheat,Cooking oil,Eggs,Leavening agent,Milk (Cow),Pink salmon,Salt,Salted butter,Sour cream,Sugar,Water,Wheat
Russian,Chives,Common buckwheat,Eggs,Leavening agent,Milk (Cow),Pink salmon,"Salmonidae (Salmon, Trout)",Salt,Salted butter,Sour cream,Sugar,Wheat
Russian,Chives,Common wheat,Cooking oil,Dill,Eggs,Milk (Cow),Salted butter
Russian,Chives,Common wheat,Cream,Eggs,Leavening agent,Milk (Cow),Rice,Salted butter
Russian,Chives,Cooking oil,Dill,Eggs,Milk (Cow),Salt,Salted butter,Spinach,Wheat
Russian,Chives,Cooking oil,Eggs,Lemon,Parsnip,Pepper (Spice),Potato,Salt,Wheat
Russian,Chives,Cooking oil,Endive,Grape wine,Mustard,Walnut
Russian,Chives,Eggs,Leavening agent,Milk (Cow),Rice,Salt,Salted butter,Sour cream,Sugar,Wheat
Russian,Chives,Eggs,Leavening agent,Salt,Salted butter,Sugar,Water,Wheat,Yogurt
Russian,Chives,Olive,Parsley,Pepper (Spice),Salt,"Sheep (Mutton, Lamb)",Soft-necked garlic
Russian,Chives,Olive,Parsley,Pepper (Spice),"Sheep (Mutton, Lamb)",Soft-necked garlic
Russian,Chives,Olive,Potato,Sour cream,Sturgeon
Russian,Chocolate,Chocolate spread,Eggs,Hazelnut,Milk (Cow),Salted butter,Sugar
Russian,Chocolate,Common walnut,Eggs,Other bread product,Salted butter,Sugar,Walnut
Russian,Chocolate,Condensed milk,Cream,Eggs,Flour,Leavening agent,Opium poppy,Sugar,Vanilla,Walnut,Water
Russian,Chocolate,Cream,Eggs,Flour,Gelatin,Milk (Cow),Soft drink,Sour cream,Sugar,Vanilla
Russian,Chocolate,Eggs,Flour,Fruit preserve,Salt,Salted butter,Sugar,Walnut
Russian,Chocolate,Eggs,Salt,Salted butter,Sugar,Wheat
Russian,Chocolate,Sugar,Water
Russian,Cinnamon,Common beet,Ginger,Herbs and Spices,Pepper (Capsicum),"Rubus (Blackberry, Raspberry)",Sugar substitute,Water,Whey
Russian,Cinnamon,Fruit salad,Honey,Potato,Water
Russian,Cinnamon,Pepper (Spice),Salt,Shallot,Sugar,Vinegar
Russian,Citrus,Cooking oil,Eggs,Leavening agent,Milk (Cow),Salt,Salted butter,Sugar,Water,Wheat
Russian,Cloves,Eggs,Leavening agent,Liquor,Salt,Salted butter,Sugar,Vanilla,Walnut,Wheat
Russian,Cocoa powder
Russian,Cocoa powder,Coconut,Common grape,Lemon,Other alcoholic beverage,Potato
Russian,Cocoa powder,Common walnut,Eggs,Salt,Sugar,Vanilla
Russian,Cocoa powder,Common wheat,Eggs,Hazelnut,Herbal tea,Salted butter,White bread
Russian,Cocoa powder,Common wheat,Eggs,Herbal tea,Leavening agent,Milk (Cow),Salted butter
Russian,Cocoa powder,Common wheat,Eggs,Lard,Lemon,Milk (Cow),Salted butter,Vanilla
Russian,Cocoa powder,Common wheat,Eggs,Salted butter
Russian,Cocoa powder,Common wheat,Eggs,Salted butter,Vanilla
Russian,Cocoa powder,Condensed milk,Eggs,Flour,Leavening agent,Opium poppy,Salted butter,Sour cream,Sugar,Vinegar,Walnut
Russian,Cocoa powder,Cream,Eggs,Mixed nuts,Other alcoholic beverage,Salted butter
Russian,Common bean,Cucumber,Fennel,Garden tomato,Horseradish,Potato,Red beetroot,Rocket salad (ssp.),Salad dressing,Salt,Shallot,Sour cream,Sugar,Yogurt
Russian,Common beet,Common mushroom,Dill,Lemon,Parsley,Pepper,Salt,Soft-necked garlic,Soup,Sour cream,Sugar,Water,Wheat,Wild celery
Russian,Common beet,Corn,Cucumber,Horseradish,Sour cream,Sugar,Vinegar,Watercress
Russian,Common beet,Dill,Grape wine,Milk (Cow),Potato,Shallot,Yogurt
Russian,Common beet,Eggs,Lemon,Pepper,Potato,Salt,Sour cream,Sugar,Water
Russian,Common beet,Eggs,Potato,Red bell pepper,Salad dressing,Salt
Russian,Common beet,European plum,Salad dressing,Salt,Soft-necked garlic,Walnut
Russian,Common beet,Grape wine,Salted butter,Sugar,Sweet orange
Russian,Common beet,Horseradish
Russian,Common beet,Horseradish,Salt,Sugar,Vinegar
Russian,Common beet,Lemon,Olive,Parsley,Pasta,Pepper (Capsicum),Salted butter,Soft-necked garlic,Sour cream
Russian,Common beet,Salt,Soft-necked garlic,Sweet bay,Turnip,Vinegar,Water
Russian,Common beet,Salt,Water
Russian,Common beet,Salt,Water,Whey
Russian,Common buckwheat,Common wheat,Cream,Dill,Eggs,Milk (Cow),Pepper (Spice),Pink salmon,Salted butter
Russian,Common buckwheat,Common wheat,Cream,Eggs,Leavening agent,Milk (Cow)
Russian,Common buckwheat,Common wheat,Cream,Eggs,Leavening agent,Milk (Cow),Roe,Salted butter,Sturgeon
Russian,Common buckwheat,Common wheat,Eggs,Leavening agent,Milk (Cow),Salted butter
Russian,Common buckwheat,Cooking oil,Dill,Eggs,Leavening agent,Milk (Cow),Pink salmon,Salt,Salted butter,Sour cream,Sturgeon,Sugar,Water,Wheat
Russian,Common buckwheat,Cream,Eggs,Leavening agent,Milk (Cow),Salt,Salted butter,Sour cream,Sturgeon,Sugar,Wheat
Russian,Common buckwheat,Cream,Eggs,Leavening agent,Milk (Cow),Salt,Salted butter,Sugar,Wheat
Russian,Common buckwheat,Cream,Eggs,Leavening agent,Milk (Cow),Salt,Sour cream,Sugar,Wheat
Russian,Common buckwheat,Dill,Eggs,Leavening agent,Milk (Cow),Pepper (Spice),Pink salmon,Salt,Salted butter,Sour cream,Sugar,Wheat
Russian,Common buckwheat,Dill,Eggs,Leavening agent,Milk (Cow),Pink salmon,Salt,Salted butter,Sour cream,Wheat
Russian,Common buckwheat,Eggs,Flour,Leavening agent,Milk (Cow),Salt,Salted butter,Sour cream,Sturgeon,Sugar,Water
Russian,Common cabbage,Domestic pig,Garden tomato,Olive,Pepper (Spice),Potato,Soft-necked garlic,Sweet bay,Water
Russian,Common cabbage,Domestic pig,Garden tomato (var.),Olive,Pepper (Spice),Potato,Soft-necked garlic,Sweet bay,Water
Russian,Common cabbage,Eggs,Potato,Salt,Sour cream,Water,Wheat
Russian,Common cabbage,Sausage
Russian,Common grape,Common wheat,Cooking oil,Eggs,Leavening agent,Milk (Cow),Salted butter
Russian,Common grape,Common wheat,Cooking oil,Eggs,Leavening agent,Milk (Cow),Salted butter,Sweet orange,Vanilla
Russian,Common grape,Common wheat,Cream,Dill,Eggs,Leavening agent,Lemon,Milk (Cow),Salted butter,Vanilla
Russian,Common grape,Common wheat,Eggs,Leavening agent,Lemon,Milk (Cow),Salted butter
Russian,Common grape,Common wheat,Eggs,Leavening agent,Lemon,Milk (Cow),Salted butter,Vanilla
Russian,Common grape,Common wheat,Eggs,Leavening agent,Milk (Cow),Salted butter
Russian,Common grape,Common wheat,Eggs,Leavening agent,Milk (Cow),Salted butter,Sweet orange
Russian,Common grape,Common wheat,Eggs,Milk (Cow),Salted butter,Vanilla
Russian,Common grape,Cooking oil,Eggs,Leavening agent,Milk (Cow),Salt,Salted butter,Sugar,Water,Wheat
Russian,Common grape,Cooking oil,Eggs,Leavening agent,Sugar,Wheat
Russian,Common grape,Corn,Lemon,"Rubus (Blackberry, Raspberry)",Salt,Sugar,Sweet basil,Vanilla
Russian,Common grape,Cream,Eggs,Leavening agent,Lemon,Milk (Cow),Opium poppy,Salt,Salted butter,Sugar,Vanilla,Water,Wheat
Russian,Common grape,Eggs,Flour,Leavening agent,Lemon,Milk (Cow),Other bread,Salt,Salted butter,Sour cream,Sugar,Vanilla
Russian,Common grape,Eggs,Flour,Leavening agent,Milk (Cow),Salt,Salted butter,Sugar,Vanilla
Russian,Common grape,Eggs,Milk (Cow),Salt,Salted butter,Sugar,Vanilla,Wheat
Russian,Common grape,Honey,Leavening agent,Lemon,Sugar
Russian,Common grape,Leavening agent,Mentha,Rye,Sugar
Russian,Common grape,Leavening agent,"Prunus (Cherry, Plum)",Sugar
Russian,Common grape,Leavening agent,Rye,Sugar,Water
Russian,Common mushroom,Cucumber,Eggs,Garden onion,Potato,Salad dressing,Salted butter
Russian,Common mushroom,Dill,Eggs,Flour,Milk (Cow),Other bread product,Potato,Salt,Salted butter,Water
Russian,Common mushroom,Dill,Eggs,Garden onion,Grape wine,Lemon,Milk (Cow),Pepper,Red bell pepper,Rice,"Salmonidae (Salmon, Trout)",Salt,Salted butter,Shortening,Water,Wheat
Russian,Common mushroom,Domestic pig,Milk (Cow),Pasta,Pepper (Spice),Salt,Salted butter,Sour cream,Wheat,Wheat bread
Russian,Common mushroom,Eggs,Olive,Other bread product,Pepper,Pepper (Spice),Potato,Salt,Soft-necked garlic,Water
Russian,Common pea,Parsley,Salt,Salted butter,Sugar,Water,Wheat
Russian,Common thyme,Cooking oil,Domestic pig,Milk (Cow),Pepper (Spice),Red bell pepper,Rosemary,Salt,Soft-necked garlic,Sweet bay
Russian,Common wheat,Cooking oil,Cream,Eggs
Russian,Common wheat,Cooking oil,Cream,Eggs,Fruit salad
Russian,Common wheat,Cooking oil,Cream,Eggs,Lemon,Salted butter
Russian,Common wheat,Cooking oil,Cream,Eggs,Liquor,Vanilla
Russian,Common wheat,Cooking oil,Cream,Eggs,Other alcoholic beverage,Vanilla
Russian,Common wheat,Cooking oil,Cream,Eggs,Salted butter
Russian,Common wheat,Cooking oil,Eggs
Russian,Common wheat,Cooking oil,Eggs,Leavening agent,Milk (Cow),"Rubus (Blackberry, Raspberry)",Strawberry
Russian,Common wheat,Cooking oil,Eggs,Milk (Cow),Salt,Sugar
Russian,Common wheat,Cooking oil,Eggs,Milk (Cow),Salted butter
Russian,Common wheat,Cream,Dill,Eggs,Lemon,Rice,Salted butter,Sweet orange,Vanilla
Russian,Common wheat,Cream,Dill,Eggs,Lemon,Salted butter,Vanilla
Russian,Common wheat,Cream,Eggs,Grape wine,Milk (Cow),Pear,Salted butter,Vanilla
Russian,Common wheat,Cream,Eggs,Honey,Milk (Cow),Salted butter,Vanilla
Russian,Common wheat,Cream,Eggs,Lard,Salted butter,Vanilla
Russian,Common wheat,Cream,Eggs,Leavening agent,Milk (Cow),Salt,Sour cream,Sugar,Wheat
Russian,Common wheat,Cream,Eggs,Other alcoholic beverage,Salted butter,Vinegar
Russian,Common wheat,Cream,Eggs,Salted butter
Russian,Common wheat,Cream,Fruit salad,Milk (Cow),Salted butter,Vanilla
Russian,Common wheat,Cream,Gelatin,Lemon,Salted butter,Strawberry,Sweet orange,Vanilla
Russian,Common wheat,Cream,Grape wine,Milk (Cow),Scarlet bean,Vinegar
Russian,Common wheat,Cream,Lemon,"Prunus (Cherry, Plum)",Salted butter
Russian,Common wheat,Dill,Eggs,Leavening agent,Milk (Cow)
Russian,Common wheat,Dill,Eggs,Salted butter,Vanilla
Russian,Common wheat,Dill,Salted butter,Vanilla
Russian,Common wheat,Eggs
Russian,Common wheat,Eggs,European plum,Lard,Molasses,Potato,Salted butter,White bread
Russian,Common wheat,Eggs,Fruit salad,Lard,Leavening agent,Lemon,Milk (Cow)
Russian,Common wheat,Eggs,Fruit salad,Lard,Leavening agent,Milk (Cow)
Russian,Common wheat,Eggs,Ginger,Leavening agent,Milk (Cow),Nutmeg,Salted butter,Vanilla
Russian,Common wheat,Eggs,Lard,Leavening agent,Milk (Cow),Salted butter
Russian,Common wheat,Eggs,Lard,Liquor,Vanilla
Russian,Common wheat,Eggs,Lard,Salted butter,Sweet orange
Russian,Common wheat,Eggs,Leavening agent,Lemon,Milk (Cow),Nutmeg,Salted butter
Russian,Common wheat,Eggs,Leavening agent,Lemon,Milk (Cow),Salted butter
Russian,Common wheat,Eggs,Leavening agent,Milk (Cow),Molasses,Salted butter,Vanilla
Russian,Common wheat,Eggs,Leavening agent,Milk (Cow),Nutmeg,Salted butter,Sweet orange,Vanilla
Russian,Common wheat,Eggs,Leavening agent,Milk (Cow),Saffron,Salted butter
Russian,Common wheat,Eggs,Leavening agent,Milk (Cow),Salted butter
Russian,Common wheat,Eggs,Leavening agent,Milk (Cow),Salted butter,Sesame
Russian,Common wheat,Eggs,Liquor,Salted butter,Vanilla
Russian,Common wheat,Eggs,Nutmeg,Pepper (Spice),Potato,Salted butter
Russian,Common wheat,Hazelnut,Salted butter
Russian,Condensed milk,Eggs,Flour,Hazelnut,Leavening agent,Opium poppy,Salt,Salted butter,Sour cream,Sugar,Vinegar
Russian,Condensed milk,Salted butter,Sugar
Russian,Cooking oil,Cream,Eggs,Flour,Leavening agent,Lemon,Milk (Cow),Opium poppy,Salt,Salted butter,Sugar,Vanilla
Russian,Cooking oil,Cream,Eggs,Potato,Red bell pepper,Salt,Sour cream,Sturgeon,Wheat
Russian,Cooking oil,Dill,Eggs,Garden onion,Green zucchini,Salt,Soft-necked garlic,Wheat
Russian,Cooking oil,Dill,Horseradish,Potato,Sour cream,Sturgeon,Wheat
Russian,Cooking oil,Eggs,Flour,Leavening agent,Milk (Cow),Robusta coffee,Salt,Sugar
Russian,Cooking oil,Eggs,Flour,Leavening agent,Milk (Cow),Salt,Salted butter,Sugar,Vanilla
Russian,Cooking oil,Eggs,Flour,Leavening agent,Milk (Cow),Salt,Sugar,Sunflower
Russian,Cooking oil,Eggs,Flour,Milk (Cow),Salt,Salted butter,Sugar
Russian,Cooking oil,Eggs,Flour,Milk (Cow),Salt,Sugar
Russian,Cooking oil,Eggs,Flour,Potato,Salt,Sour cream
Russian,Cooking oil,Eggs,Leavening agent,Milk (Cow),Pepper (Spice),Potato,Salt,Wheat
Russian,Cooking oil,Eggs,Leavening agent,Milk (Cow),Salt,Salted butter,Sugar,Wheat
Russian,Cooking oil,Eggs,Leavening agent,Milk (Cow),Salt,Sugar,Wheat
Russian,Cooking oil,Eggs,Milk (Cow),Salt,Salted butter,Sugar,Wheat
Russian,Coriander,Dill,Fenugreek,Grape wine,Pepper (Capsicum),Red bell pepper,Soft-necked garlic,Sweet basil,Vinegar
Russian,Coriander,Dill,Grape wine,Pepper,Red bell pepper,Salt,Soft-necked garlic,Sweet basil
Russian,Coriander,Domestic pig,Olive,Salt,Shallot,Soft-necked garlic,Summer savory,Turmeric,Water
Russian,Corn,Cream,Cucumber,Grape wine,Horseradish,Red beetroot,Vinegar,Watercress
Russian,Corn,Dill,Fishes,Pepper (Spice),Soft-necked garlic,Soup,Sweet bay
Russian,Corn,Eggs,Milk (Cow),Sugar,Vanilla
Russian,Corn,Leavening agent,Milk (Cow),Salt,Sugar,Water,Wheat
Russian,Corn,Leavening agent,Rye
Russian,Corn,Leavening agent,Rye,Salt,Water
Russian,Corn,Milk (Cow),Red raspberry,Sugar,Water
Russian,Cream,Eggs,Hazelnut
Russian,Cream,Eggs,Leavening agent,Pasta,Salt,Sugar,Water
Russian,Cream,Eggs,Pistachio,Sauce,Sugar
Russian,Cream,Eggs,Pistachio,Sour cherry
Russian,Cream,Eggs,Potato,Salted butter
Russian,Cream,Horseradish,Pepper (Spice)
Russian,Cream,Lemon,Olive,Parsley,Pasta,Pepper (Capsicum),Red beetroot,Salted butter,Soft-necked garlic
Russian,Cream,Vanilla
Russian,Cucumber,Dill,Grape wine,Soft-necked garlic,Vinegar
Russian,Cucumber,Dill,Salt,Soft-necked garlic,Sugar,Vinegar,Water
Russian,Cucumber,Pepper,Pepper (Spice),Salt,Soft-necked garlic,Sugar,Vinegar,Water
Russian,Cucumber,Pepper,Salt,Soft-necked garlic,Tarragon,Vinegar,Water
Russian,Cucurbita,Millet,Salt,Water
Russian,Dill,Eggs,Garden onion,Other vegetable product,Potato,Red bell pepper,Salad dressing,Salt
Russian,Dill,Eggs,Salted butter,Water,Wheat
Russian,Dill,Garden onion,Garden tomato,Red bell pepper,Sour cream
Russian,Domestic pig,Garden onion,Green zucchini,Herbs and Spices,Salt
Russian,Dulce de leche,Leavening agent,Opium poppy,Salted butter,Sour cream,Sugar,Wheat
Russian,Eggs,Flour,Leavening agent,Milk (Cow),"Prunus (Cherry, Plum)",Salted butter,Sugar,Vanilla,Water
Russian,Eggs,Flour,Leavening agent,Milk (Cow),Root vegetables,Salt,Salted butter,Sugar,Water
Russian,Eggs,Flour,Leavening agent,Milk (Cow),Saffron,Salt,Salted butter,Sugar,Water,Wheat
Russian,Eggs,Fruit preserve,Leavening agent,Lemon,Salad dressing,Salted butter,Sugar,Wheat
Russian,Eggs,Gelatin,Lemon,Sugar,Water
Russian,Eggs,Green zucchini,Salt,Salted butter,Sugar,Wheat
Russian,Eggs,Hazelnut,Molasses
Russian,Eggs,Leavening agent,Lemon,Liquor,Milk (Cow),Saffron,Salt,Salted butter,Sugar,Sweet orange,Vanilla,Wheat
Russian,Eggs,Leavening agent,Milk (Cow),"Rubus (Blackberry, Raspberry)",Salt,Salted butter,Sugar,Wheat
Russian,Eggs,Leavening agent,Milk (Cow),Saffron,Salt,Salted butter,Sugar,Water,Wheat
Russian,Eggs,Leavening agent,Milk (Cow),Salt,Salted butter,Sugar,Wheat
Russian,Eggs,Leavening agent,Milk (Cow),Salt,Salted butter,Wheat
Russian,Eggs,Leavening agent,Pink salmon,Salad dressing,Salt,Salted butter,Sour cream,Wheat
Russian,Eggs,Leavening agent,Salt,Salted butter,Shortening,Sugar,Sweet orange,Wheat
Russian,Eggs,Leek,Pastry,Rice,"Salmonidae (Salmon, Trout)",Salted butter,Shiitake,Water
Russian,Eggs,Lemon,Sour cream,Sugar,Wheat
Russian,Eggs,Milk (Cow)
Russian,Eggs,Milk (Cow),Nutmeg,Vanilla
Russian,Eggs,Milk (Cow),Rice,Vanilla
Russian,Eggs,Milk (Cow),Salt,Salted butter,Wheat
Russian,Eggs,Milk (Cow),Vanilla
Russian,Eggs,Pepper,Potato,Salt,Sour cream,Wheat
Russian,Eggs,Potato,Red beetroot,Salad dressing
Russian,Eggs,Salt,Water,Wheat
Russian,Fruit preserve,Leavening agent,Milk (Cow),Salted butter,Wheat
Russian,Fruit salad,Sugar,Water
Russian,Garden onion,Mustard,Olive,Parsley,Potato,Sausage,Vinegar
Russian,Grape wine,Mentha,Mustard,Rice,Shallot,"Sheep (Mutton, Lamb)",Soup,Vinegar,White bread
Russian,Grape wine,Red beetroot,Salted butter,Sweet orange,Vinegar
Russian,Hazelnut,Liquor,Salt,Salted butter,Sugar,Wheat
Russian,Hazelnut,Salt,Salted butter,Sugar,Vanilla,Wheat
Russian,Herbs and Spices,Parsley,Pepper,Salt,Shallot,"Sheep (Mutton, Lamb)",Soft-necked garlic,Wheat bread,Yogurt
Russian,Honey,"Rubus (Blackberry, Raspberry)",Water
Russian,Horseradish,Pepper (Spice),Sour cream
Russian,Horseradish,Red beetroot
Russian,Horseradish,Red beetroot,Sausage,Water
Russian,Ice cream,Liquor,Other alcoholic beverage
Russian,Ketchup,Lemon,Mustard,Olive,Salad dressing,Sauce,Soft-necked garlic
Russian,Leavening agent,Salt,Sugar,Water,Wheat
Russian,Lemon,Milk (Cow),Salt
Russian,Lemon,Red beetroot,Salt,Soup,Sour cream,Sugar
Russian,Liquor,Sour cherry,Sugar
Russian,Millet,Rice,Salt,Salted butter,Water,Winter squash
Russian,Opium poppy,Salt,Salted butter,Sugar,Vanilla,Wheat
Russian,Other alcoholic beverage,Sweet orange,"Vaccinium (Blueberry, Cranberry, Huckleberry)"
Russian,Pepper (Spice),Red bell pepper,Soft-necked garlic,Vinegar
Russian,Red raspberry,Rice,Sugar,Water
Russian,Rice,Salt,Salted butter,Sugar,Water,Winter squash
Russian,Sour cream,Strawberry,Sugar,Sugar substitute
