EasternEuropean,butter,onion,potato,haddock,black_pepper,parsley,celery,milk_fat,smoke,milk,cream
EasternEuropean,butter,lemon_juice,wheat,yeast,apricot,milk_fat,egg,milk
EasternEuropean,vinegar,pepper,cucumber,bell_pepper,onion
EasternEuropean,butter,wheat,onion,beef,egg_noodle,red_wine,cayenne,parsley,bay,garlic,bell_pepper,savory,vegetable_oil,beef_broth,lemon_peel
EasternEuropean,starch,almond,sour_cherry,white_wine
EasternEuropean,olive_oil,green_bell_pepper,carrot,garlic,cream,tomato,caraway,onion,beef,potato,parsley,parsnip,celery,seed,bell_pepper,beef_broth
EasternEuropean,pepper,onion,potato,vegetable_oil,egg,bread
EasternEuropean,cane_molasses,red_wine,cinnamon,walnut
EasternEuropean,tomato,vinegar,brussels_sprout,starch,chicken_broth,cider,butter,dill
EasternEuropean,butter,cheese,wheat,parsley,vegetable_oil,bread,egg,cream
EasternEuropean,butter,caraway,wheat,meat,onion,yeast,bacon,black_pepper,thyme,honey,seed
EasternEuropean,butter,egg,wheat,cocoa
EasternEuropean,dill,onion,vinegar,potato,celery,carrot,beet,vegetable_oil,beef_broth,cream
EasternEuropean,vinegar,meat,onion,potato,black_pepper,cider,beet,chive,vegetable_oil,cabbage,egg,bread
EasternEuropean,butter,orange_peel,wheat,apricot,vanilla,orange_juice,cranberry,cinnamon,hazelnut,egg
EasternEuropean,butter,olive_oil,beef,mushroom,cream,onion,parsley
EasternEuropean,tomato,marjoram,onion,shallot,scallop,veal,bell_pepper,lard,cream
EasternEuropean,olive_oil,lemon_juice,roasted_sesame_seed,nut,parsley,cumin,chickpea,garlic,bread
EasternEuropean,vanilla,egg,milk,starch
EasternEuropean,butter,wheat,onion,fish,caviar,buckwheat,chive,cream,egg,milk,smoked_salmon
EasternEuropean,butter,olive_oil,lemon_juice,cayenne,parsley,garlic,beet,macaroni,cream
EasternEuropean,butter,olive_oil,onion,thyme,black_pepper,parsley,walnut,buckwheat,egg
EasternEuropean,butter,cheese,wheat,apple,vanilla,cinnamon,vegetable_oil,egg
EasternEuropean,coffee,lemon,onion,black_pepper,raisin,cumin,oregano,yogurt,vegetable_oil,rice
EasternEuropean,wheat,sweet_potato,vegetable_oil,black_pepper,egg,scallion
EasternEuropean,butter,cheese,grape_juice,onion,potato,egg_noodle,bacon,parsley,cabbage
EasternEuropean,butter,gruyere_cheese,wheat,onion,cheese,bacon,black_pepper,nutmeg,lard,vegetable,egg,cream
EasternEuropean,vinegar,corn,champagne_wine,horseradish,cucumber,beet,watercress,cream
EasternEuropean,butter,dill,wheat,milk_fat,chive,vegetable_oil,egg,milk
EasternEuropean,lamb,olive_oil,onion,mushroom,potato,starch,parsley,pea,garlic,butter,milk,meat
EasternEuropean,butter,dill,clam,wheat,shiitake,salmon,white_wine,lard,rice,egg,leek,cream
EasternEuropean,butter,wheat,potato,nutmeg,black_pepper,egg
EasternEuropean,butter,cocoa,wheat,apricot,vanilla,egg,cream
EasternEuropean,wheat,yeast,milk_fat,vegetable_oil,raspberry,egg,milk,strawberry
EasternEuropean,butter,cheese,wheat,cinnamon,egg,milk,cottage_cheese
EasternEuropean,vanilla,cream
EasternEuropean,tomato,olive_oil,lemon_juice,apple,onion,black_pepper,parsley,zucchini,garlic,rice,okra
EasternEuropean,lemon_juice,wheat,apple,potato,black_pepper,parsnip,chive,vegetable_oil,egg,cream
EasternEuropean,butter,dill,green_bell_pepper,wheat,onion,potato,bacon,white_wine,bell_pepper,roasted_beef,liver
EasternEuropean,lamb,olive_oil,garlic,chive,black_pepper,parsley
EasternEuropean,horseradish,smoked_sausage,beet,smoke
EasternEuropean,butter,cheese,wheat,mushroom,onion,potato,egg_noodle,cream,sauerkraut
EasternEuropean,tomato,olive_oil,beef,wheat,thyme,mushroom,egg_noodle,cayenne,onion,parsley,garlic,beef_broth
EasternEuropean,apple,veal,carrot,turnip,white_bread,milk,cream,lemon,cayenne,celery,milk_fat,horseradish,vegetable,vegetable_oil,pepper,kohlrabi,vinegar,shallot,black_pepper,champagne_wine,garlic,bone_oil,butter,juniper_berry,lovage,onion,thyme,bay,nutmeg,cinnamon,chive,egg
EasternEuropean,butter,cheese,pepper,wheat,onion,shallot,black_pepper,nutmeg,chive,garlic,beef_broth,egg
EasternEuropean,olive_oil,lemon_juice,apple,dill,fish,black_pepper,champagne_wine,lettuce,seed,cucumber,vegetable_oil,salmon_roe,cream,vinegar,caraway,parsley,horseradish,beet,garlic
EasternEuropean,butter,lemon_juice,wheat,gelatin,vanilla,strawberry,orange,cream
EasternEuropean,apricot,rum
EasternEuropean,cocoa
EasternEuropean,butter,pork,marjoram,wheat,mustard,onion,apricot,corn,white_wine,carrot,garlic,roasted_beef,plum,chicken_broth
EasternEuropean,butter,cheese,lemon,vanilla,raisin,cream,egg,milk,bread
EasternEuropean,butter,wheat,apricot,vanilla,milk_fat,brandy,egg,milk
EasternEuropean,coriander,fenugreek,cilantro,vinegar,cayenne,seed,garlic,bell_pepper,basil,wine
EasternEuropean,butter,cheese,wheat,potato,egg_noodle,walnut,brandy,cinnamon,apricot,bread
EasternEuropean,butter,olive_oil,pepper,wheat,thyme,mushroom,egg,chicken_broth,onion,parsley,milk_fat,nutmeg,chive,rosemary,milk
EasternEuropean,butter,potato,yogurt,egg,black_pepper,cottage_cheese
EasternEuropean,juniper_berry,caraway,sauerkraut,onion,chicken_broth,bacon,white_wine,smoked_sausage,smoke,carrot,seed,pork_sausage
EasternEuropean,egg,wheat
EasternEuropean,coriander,olive_oil,pork,onion,fenugreek,potato,cilantro,seed,garlic,savory
EasternEuropean,tomato,olive_oil,beef,onion,black_pepper,parsley,garlic,bell_pepper,rice,egg
EasternEuropean,butter,lemon,wheat,cinnamon,currant,almond,egg
EasternEuropean,butter,wheat,black_pepper,white_wine,carrot,garlic,tomato,milk,cream,lamb,thyme,onion,potato,turnip,beef_broth,leek
EasternEuropean,butter,wheat,yeast,milk_fat,chive,rice,egg,milk,cream
EasternEuropean,sauerkraut,thyme,potato,onion,smoked_sausage,beef_broth,pork_sausage,apple
EasternEuropean,butter,wheat,starch,vanilla,cherry_brandy,milk_fat,gelatin,currant,egg,milk
EasternEuropean,butter,wheat,cherry,vanilla,nutmeg,cinnamon,hazelnut,egg
EasternEuropean,butter,brandy,wheat,vanilla,egg,walnut
EasternEuropean,tomato,olive_oil,caraway,beef,grape_juice,garlic,bell_pepper,beef_broth,seed
EasternEuropean,honey,seed,barley,apricot,almond,raisin,cinnamon
EasternEuropean,pork,wheat,sauerkraut,beef,black_pepper,scallion,smoked_sausage,smoke,vegetable_oil,egg,apple
EasternEuropean,butter,coffee,wheat,mustard,onion,rum,vanilla,parsley,cocoa,cucumber,chive,vegetable_oil,egg,cream
EasternEuropean,tomato,olive_oil,onion,dill,raisin,pistachio,cinnamon,rice
EasternEuropean,butter,juniper_berry,apple,onion,shallot,black_pepper,chicken_broth,bacon,thyme,white_wine,cream,sauerkraut
EasternEuropean,cane_molasses,cheese,wheat,apple,cherry,vanilla,walnut,butter,cream_cheese,vegetable_oil,egg
EasternEuropean,butter,lemon,apricot,cinnamon,hazelnut,wheat,lemon_peel,egg
EasternEuropean,lamb,pepper,onion,parsley,lettuce,garlic,yogurt,milk,bread
EasternEuropean,butter,milk_fat,wheat,egg,vanilla,raisin,milk
EasternEuropean,butter,wheat,apricot,raisin,honey,cinnamon,cream_cheese,orange,egg
EasternEuropean,cherry,apple
EasternEuropean,olive_oil,black_pepper,thyme,seed,garlic,butter,cream,turkey,caraway,meat,onion,potato,egg_noodle,chicken_broth,bay,bell_pepper,pumpkin
EasternEuropean,tomato,butter,onion,egg_noodle,black_pepper,parsley,garlic,bell_pepper,vegetable_oil,chicken,cream
EasternEuropean,butter,tomato,cilantro,wheat,onion,cayenne,corn,lime_juice,smoked_sausage,cream
EasternEuropean,tomato,dill,caraway,onion,cheese,egg_noodle,chicken_broth,potato,bay,seed,vegetable_oil,cheddar_cheese,cream
EasternEuropean,horseradish,black_pepper,cream
EasternEuropean,olive_oil,onion,dill,egg_noodle,potato,bacon,garlic,cabbage,cheese,cream
EasternEuropean,butter,vinegar,anise,wheat,onion,beef,nut,red_wine,black_pepper,ginger,bay,lard
EasternEuropean,cane_molasses,olive_oil,marjoram,wheat,celery_oil,corn,seed,garlic,tamarind,bread,tomato,vinegar,caraway,onion,beef,cayenne,bell_pepper
EasternEuropean,vinegar,horseradish,beet,meat,egg,cider
EasternEuropean,butter,cheese,wheat,onion,mushroom,potato,egg_noodle,parsley,garlic,porcini,cream
EasternEuropean,tomato,butter,beef,onion,potato,black_pepper,parmesan_cheese,milk_fat,garlic,vegetable_oil,egg,milk,bread
EasternEuropean,butter,lemon,mushroom,black_pepper,veal,chive,vegetable_oil,bread,egg,cream
EasternEuropean,tomato,cane_molasses,sauerkraut,onion,black_pepper,cumin,garlic,vegetable_oil
EasternEuropean,butter,lemon_juice,lemon,yeast,vanilla,raisin,seed,wheat,egg,milk,cream
EasternEuropean,milk_fat,vanilla,egg,milk
EasternEuropean,olive_oil,wheat,lemon_peel,fish,parsley,scallion,garlic,egg,bread
EasternEuropean,vinegar,beef,onion,dill,red_wine,carrot,beet,potato,yogurt,beef_broth,cabbage
EasternEuropean,tomato,olive_oil,pork,sauerkraut,potato,black_pepper,bay,garlic,smoke
EasternEuropean,pistachio,egg,sour_cherry,cream
EasternEuropean,butter,wheat,mustard,onion,apricot,vanilla,parsley,cocoa,gelatin,cucumber,chive,vegetable_oil,egg,cream
EasternEuropean,butter,dill,caraway,wheat,onion,potato,seed,vegetable_oil,cabbage,egg,cream
EasternEuropean,black_currant,strawberry,vanilla,gelatin,blackberry,raspberry,egg,milk
EasternEuropean,butter,lemon,almond,egg,cinnamon
EasternEuropean,butter,milk_fat,wheat,yeast,egg,milk,saffron
EasternEuropean,butter,dill,chicken_liver,onion,olive_oil,bacon,chicken_broth,black_pepper,rye_bread,celery,milk_fat,garlic,egg,milk
EasternEuropean,dill,clam,cream,white_wine
EasternEuropean,corn_grit,mozzarella_cheese
EasternEuropean,butter,cheese,brandy,egg,vanilla,raisin,cream
EasternEuropean,butter,wheat,vanilla,pear,white_wine,egg,milk,cream
EasternEuropean,butter,mustard,onion,potato,beer,smoked_sausage,smoke,cabbage
EasternEuropean,butter,lemon,vegetable_oil,wheat,egg,cream
EasternEuropean,butter,dill,wheat,black_pepper,buckwheat,smoked_salmon,egg,milk,cream
EasternEuropean,dill,beet,cucumber,vinegar,radish,buttermilk,cream
EasternEuropean,butter,caraway,wheat,yeast,shallot,fish,seed,bell_pepper,cream_cheese
EasternEuropean,butter,dill,olive_oil,feta_cheese,scallion,garlic,yogurt,egg
EasternEuropean,butter,lemon_juice,wheat,lemon_peel,vanilla,seed,egg,cream
EasternEuropean,cane_molasses,butter,lemon_juice,wheat,egg,raisin,currant,orange_peel,lard,nutmeg,lemon_peel
EasternEuropean,tomato,olive_oil,lemon_juice,wheat,chicken_broth,parsley,scallion,cucumber,mint
EasternEuropean,butter,wheat,egg,onion,cream_cheese
EasternEuropean,dill,mustard,onion,potato,black_pepper,vinegar,bacon,white_wine
EasternEuropean,butter,pork,garlic,onion,egg_noodle,cabbage,pepper
EasternEuropean,pepper,onion,beef,roasted_pork,scallion,celery,carrot,veal,chive,garlic,white_bread,egg,bread
EasternEuropean,butter,wheat,cream_cheese,potato,egg,milk,cottage_cheese
EasternEuropean,nutmeg,vanilla,egg,milk
EasternEuropean,olive_oil,onion,potato,vegetable_oil,salmon,parsley,egg
EasternEuropean,tomato,lemon_juice,wheat,onion,black_pepper,garlic,bell_pepper,cream
EasternEuropean,tomato,pepper,onion,potato,parsley,carrot,garlic,vegetable_oil,cabbage,beet,pork_sausage,cream
EasternEuropean,butter,tomato,cucumber,cream_cheese,garlic,egg,pork_sausage,bread
EasternEuropean,pork,ham,beef,black_pepper,onion,tomato_juice,garlic,rice,egg,sauerkraut
EasternEuropean,lemon,apple,raisin,whiskey,pecan,vegetable_oil,orange,wheat,egg,milk
EasternEuropean,tomato,wheat,onion,bacon,garlic,bell_pepper,lard,chicken,cream
EasternEuropean,olive_oil,sauerkraut,beef,potato,tabasco_pepper,onion,cream
EasternEuropean,tomato,vinegar,green_bell_pepper,onion,vegetable_oil,red_wine
EasternEuropean,corn,rye_flour,yeast
EasternEuropean,olive_oil,pepper,onion,potato,chicken_broth,cumin,white_wine,carrot,garlic,bell_pepper,chicken,pea
EasternEuropean,butter,pepper,wheat,sauerkraut,onion,potato,chicken,cheddar_cheese,milk,cabbage
EasternEuropean,dill,wheat,beef,vinegar,vegetable,potato,milk
EasternEuropean,tomato,pepper,green_bell_pepper,onion,beef,cayenne
EasternEuropean,butter,pepper,chicken_liver,onion,parsley,scallion,lettuce,bell_pepper,vegetable_oil,egg
EasternEuropean,butter,wheat,yeast,vanilla,ginger,mace,egg,milk
EasternEuropean,celery,chicken,onion
EasternEuropean,whiskey,wheat,vegetable_oil,vanilla,egg,cream
EasternEuropean,tomato,marjoram,wheat,chicken_liver,beef,black_pepper,onion,parsley,celery,mace,carrot,garlic,egg,bread
EasternEuropean,dill,beef,meat,cream_cheese,vinegar
EasternEuropean,dill,marjoram,wheat,mushroom,black_pepper,garlic,tomato,olive,pork_sausage,butter,vinegar,ham,onion,bay,smoked_sausage,veal,bell_pepper,beef_broth
EasternEuropean,pepper,wheat,beef,mozzarella_cheese,vegetable_oil,cabbage,white_bread
EasternEuropean,tomato,garlic,beef,onion,vegetable_oil,black_pepper,bell_pepper
EasternEuropean,fruit,wheat,yeast,lemon,lard,egg,milk
EasternEuropean,butter,wheat,yeast,mace,nutmeg,lemon,egg,milk
EasternEuropean,wheat,vanilla,egg,whiskey,lard
EasternEuropean,butter,egg_noodle,cabbage,black_pepper,onion
EasternEuropean,pepper,caraway,wheat,sauerkraut,starch,bacon,seed,white_bread,egg,milk
EasternEuropean,wheat,bell_pepper,onion,potato,garlic,black_pepper,vegetable_oil
EasternEuropean,butter,wheat,lard,vanilla,egg,cream
EasternEuropean,butter,pepper,onion,asparagus,cashew,garlic,vegetable,macaroni,rice
EasternEuropean,butter,honey,wheat,cream_cheese,egg,walnut
EasternEuropean,butter,macaroni,sauerkraut,onion,mushroom
EasternEuropean,butter,wheat,apricot,walnut,honey,egg,milk,bread
EasternEuropean,butter,tomato,caraway,lemon,onion,beef,egg_noodle,seed,garlic,bell_pepper
EasternEuropean,cane_molasses,vinegar,lemon_juice,onion,tabasco_pepper,smoked_sausage,tamarind,pork_sausage
EasternEuropean,olive_oil,pepper,meat,beef,chicken_broth,bacon,onion,pork,rice,sauerkraut
EasternEuropean,butter,lemon,beef,potato,vegetable,cheddar_cheese,black_pepper
EasternEuropean,vinegar,pepper,lemon_juice,garlic,oregano,vegetable_oil,chicken
EasternEuropean,tomato,dill,onion,roasted_pork,parsley,carrot,cabbage,rice,root,seed
EasternEuropean,tomato,cured_pork,pepper,bell_pepper,onion,vegetable_oil
EasternEuropean,butter,cocoa,wheat,yeast,tea,egg,milk
EasternEuropean,cheese,wheat,sauerkraut,potato,egg,cream
EasternEuropean,butter,wheat,yeast,raisin,walnut,honey,cinnamon,egg,milk
EasternEuropean,fruit,wheat,yeast,lard,egg,milk
EasternEuropean,butter,wheat,vanilla,banana,cocoa,lard,egg,milk,cream
EasternEuropean,butter,dill,lemon,black_pepper,parsley,wheat,garlic,vegetable_oil,chicken,egg,bread
EasternEuropean,horseradish,beet
EasternEuropean,butter,wheat,egg,milk,vegetable_oil
EasternEuropean,dill,pepper,sauerkraut,onion,potato,bean,vegetable,vegetable_oil,chicken,whole_grain_wheat_flour,cream
EasternEuropean,tomato,olive_oil,pepper,green_bell_pepper,onion,rye_bread,bell_pepper,egg
EasternEuropean,tomato,vinegar,onion,beef,black_pepper,carrot,garlic,cabbage
EasternEuropean,onion,black_pepper,bay,smoked_sausage,beef_broth,carrot,pea,pork_sausage
EasternEuropean,butter,cane_molasses,celery_oil,onion,vinegar,tabasco_pepper,corn,cider,smoked_sausage,garlic,tomato,tamarind,pork_sausage,mustard
EasternEuropean,turkey,dill,meat,vinegar,potato,scallion,vegetable_oil,egg,pea
EasternEuropean,pepper,onion,mushroom,vegetable_oil,chicken,cream,bell_pepper
EasternEuropean,butter,wheat,anise,egg,lard
EasternEuropean,buttermilk,caraway,wheat,yeast,rye_flour,seed
EasternEuropean,butter,tomato,pepper,garlic,onion,celery,cabbage
EasternEuropean,egg_noodle,cottage_cheese,bacon,smoke,cream
EasternEuropean,vinegar,bean,wheat,cream,milk,white_wine
EasternEuropean,butter,wheat,yeast,raisin,walnut,honey,cinnamon,egg,milk
EasternEuropean,egg,milk
EasternEuropean,butter,cocoa,wheat,black_tea,hazelnut,egg,bread
EasternEuropean,black_pepper,pork,garlic,meat
EasternEuropean,butter,lemon,yeast,wheat,egg,milk
EasternEuropean,chicken,swiss_cheese,black_pepper,sauerkraut,parsley
EasternEuropean,cane_molasses,vinegar,onion,mushroom,egg_noodle,tabasco_pepper,parmesan_cheese,cottage_cheese,seed,garlic,bell_pepper,chicken,tamarind,cream
EasternEuropean,butter,egg,wheat,cream
EasternEuropean,beef,swiss_cheese,sauerkraut,rye_bread
EasternEuropean,butter,cocoa,wheat,cinnamon,yeast,egg,milk
EasternEuropean,butter,pepper,wheat,yeast,cabbage,egg,milk
EasternEuropean,butter,wheat,vanilla,almond,egg
EasternEuropean,pork,green_bell_pepper,corn,black_pepper,bean,carrot,chicken,cabbage,rutabaga,tomato,onion,beef,potato,celery,vegetable_oil,pea
EasternEuropean,butter,pepper,lemon_juice,parsley,chive,vegetable_oil,chicken,egg,bread
EasternEuropean,vinegar,green_bell_pepper,onion,bacon,black_pepper,celery,vegetable_oil,cabbage
EasternEuropean,butter,tomato,marjoram,onion,black_pepper,garlic,cabbage,rice,egg,chicken
EasternEuropean,butter,cane_molasses,wheat,apple,cream,egg,cinnamon
EasternEuropean,butter,wheat,yeast,apricot,walnut,cinnamon,egg,cream
EasternEuropean,butter,wheat,yeast,plum,lime_juice,cinnamon,egg,bread
EasternEuropean,butter,pepper,tomato_juice,onion,cabbage,rice
EasternEuropean,vinegar,marjoram,beef,onion,dill,bacon,red_wine,black_pepper,parsley,seed,beet,cabbage,carrot,leek,pork_sausage
EasternEuropean,dill,wheat,onion,beef,yeast,black_pepper,vegetable_oil,egg,milk
EasternEuropean,olive_oil,pork,wheat,onion,potato,egg,black_pepper
EasternEuropean,garlic,vegetable_oil,beet,plum,egg,walnut
EasternEuropean,butter,dill,pepper,marjoram,wheat,tarragon,onion,cream_cheese,basil,cabbage,egg,mushroom
EasternEuropean,tomato,olive_oil,beef,potato,black_pepper,cumin,savory,bell_pepper,yogurt,egg
EasternEuropean,butter,honey,wheat,vanilla,egg,milk,cream
EasternEuropean,butter,vinegar,cane_molasses,caraway,wheat,yeast,corn,cider,coffee,cocoa,fennel,seed,rye_flour
EasternEuropean,onion,potato,walnut,carrot,garlic,bell_pepper,chicken,bread
EasternEuropean,butter,beef,sauerkraut,mushroom,egg_noodle,onion,rye_bread,swiss_cheese,milk,mustard
EasternEuropean,butter,lemon_juice,lemon,cherry,cream,wheat
EasternEuropean,wheat,egg,vegetable_oil,cottage_cheese
EasternEuropean,butter,dill,pork,wheat,onion,chicken_broth,black_pepper,cabbage,bread,egg,cream
EasternEuropean,butter,vinegar,cane_molasses,apple,onion,cider,black_pepper,seed,cabbage,beef_broth,raisin
EasternEuropean,butter,wheat,cinnamon,cottage_cheese,egg,walnut
EasternEuropean,tomato,olive_oil,onion,chicken_broth,black_pepper,parsley,parmesan_cheese,bay,celery,carrot,garlic,bell_pepper,lentil,white_wine
EasternEuropean,butter,cane_molasses,wheat,apple,vanilla,ginger,walnut,honey,nutmeg,cinnamon,cream_cheese,egg,milk
EasternEuropean,butter,pepper,onion,potato,bacon,garlic,chive,macaroni,cheddar_cheese,milk,cream
EasternEuropean,caraway,onion,bacon,smoked_sausage,garlic,bell_pepper,cabbage,seed
EasternEuropean,butter,wheat,vanilla,egg,cocoa
EasternEuropean,fruit,wheat,yeast,lard,egg,milk
EasternEuropean,butter,pepper,caraway,beef,onion,potato,marjoram,garlic,bell_pepper,seed
EasternEuropean,butter,wheat,cherry,vanilla,walnut,nut,lard,egg,milk
EasternEuropean,butter,onion,potato,egg,bacon,milk
EasternEuropean,olive_oil,green_bell_pepper,beef,onion,potato,red_wine,black_pepper,celery,carrot,bell_pepper,cream,milk,cinnamon
EasternEuropean,tomato,pepper,onion,beef,cabbage,rice,parsley
EasternEuropean,butter,onion,potato,scallion,swiss_cheese,cheddar_cheese,egg,cream
EasternEuropean,butter,garlic,onion,egg_noodle,cabbage,bacon
EasternEuropean,wheat,yeast,egg,lard,raisin,milk,cottage_cheese
EasternEuropean,wheat,raisin,walnut,honey,cinnamon,vegetable_oil,egg,milk
EasternEuropean,butter,lemon,yeast,wheat,raisin,egg,milk
EasternEuropean,milk_fat,egg,milk,cinnamon
EasternEuropean,butter,olive_oil,coffee,beef,bacon,horseradish,garlic,sweet_potato,lard
EasternEuropean,butter,egg_noodle,cabbage,pepper,onion
EasternEuropean,butter,apricot,wheat,cream_cheese
EasternEuropean,butter,cocoa,rum,apricot,egg,milk
EasternEuropean,pepper,wheat,onion,potato,egg,bacon,milk
EasternEuropean,butter,pepper,macaroni,sauerkraut,mushroom,garlic,onion
EasternEuropean,butter,wheat,hazelnut
EasternEuropean,sauerkraut,mushroom,vegetable_oil,black_pepper,onion,cream
EasternEuropean,butter,wheat,yeast,almond,raisin,ginger,mace,fruit,orange,egg,milk
EasternEuropean,butter,tomato_juice,green_bell_pepper,onion,rice,black_pepper
EasternEuropean,cheese,pepper,wheat,onion,potato,egg
EasternEuropean,butter,wheat,yeast,vanilla,raisin,cinnamon,rice,egg,milk
EasternEuropean,pepper,cheddar_cheese,potato
EasternEuropean,tomato,vinegar,cane_molasses,wheat,onion,beef,corn,mustard,garlic,bell_pepper,tamarind,roasted_beef,celery_oil
EasternEuropean,tomato,vinegar,cane_molasses,celery_oil,onion,corn,cayenne,parsley,mustard,garlic,vegetable_oil,tamarind,egg,cream
EasternEuropean,butter,cocoa,rum,nut,egg,cream
EasternEuropean,vegetable_oil,wheat,egg
EasternEuropean,butter,macaroni,cream_cheese,onion,potato
EasternEuropean,butter,wheat,vanilla,raisin,cream_cheese,rice,egg,milk,cream
EasternEuropean,tomato,pork,beef,onion,black_pepper,bacon,parsley,garlic,cabbage,brown_rice,sauerkraut
EasternEuropean,cane_molasses,vinegar,beef,mushroom,starch,egg_noodle,bacon,onion,celery,butter,vegetable_oil,tamarind,beef_broth,cream
EasternEuropean,wheat,apple,vanilla,buttermilk,nutmeg,cinnamon,lard,egg,banana
EasternEuropean,cane_molasses,pork,marjoram,wheat,mushroom,tabasco_pepper,red_wine,bacon,carrot,garlic,tamarind,seed,cabbage,pork_sausage,meat,tomato,vinegar,caraway,sauerkraut,onion,cayenne,bay,black_pepper,smoked_sausage,bell_pepper,smoke,basil,beef_broth
EasternEuropean,tomato,vinegar,pork,wheat,celery_oil,onion,corn,pepper,bay,garlic,bell_pepper,sherry,tamarind,cane_molasses,cream
EasternEuropean,dill,mustard,potato,vinegar,celery,olive,vegetable_oil,chicken,egg
EasternEuropean,butter,milk_fat,wheat,yeast,egg,milk
EasternEuropean,tomato,olive_oil,lemon,milk,onion
EasternEuropean,butter,wheat,vanilla,seed,egg
EasternEuropean,butter,apricot,fruit,wheat,cream_cheese
EasternEuropean,wheat,egg,milk,cottage_cheese
EasternEuropean,onion,beef,shiitake,black_pepper,bay,honey,garlic,bell_pepper,vegetable_oil,plum
EasternEuropean,butter,wheat,lard,orange,orange_juice,egg
EasternEuropean,wheat,fruit,egg,vegetable_oil,cream
EasternEuropean,tomato,pork,onion,egg_noodle,bacon,black_pepper,garlic,bell_pepper,beef_broth,cream
EasternEuropean,butter,wheat,yeast,egg,raisin,milk
EasternEuropean,tomato,dill,pepper,meat,beef,chicken_broth,sage,onion,garlic,bell_pepper,cabbage,rice,pork_sausage
EasternEuropean,butter,wheat,egg,vegetable_oil,cream
EasternEuropean,wheat,egg,vegetable_oil,cream
EasternEuropean,cane_molasses,vinegar,celery_oil,onion,corn,cayenne,parsley,horseradish,garlic,tomato,vegetable_oil,tamarind,egg
EasternEuropean,wheat,beef,onion,vegetable_oil,black_pepper,egg
EasternEuropean,butter,lemon_juice,wheat,starch,vanilla,orange_juice,seed,lemon,egg,cream
EasternEuropean,egg,walnut
EasternEuropean,butter,lemon,yeast,vanilla,raisin,wheat,egg,milk
EasternEuropean,butter,dill,lemon_juice,wheat,onion,mushroom,soy_sauce,black_pepper,parsley,bell_pepper,milk,chicken_broth,cream
EasternEuropean,butter,wheat,yeast,lard,egg,milk
EasternEuropean,butter,strawberry,wheat,cardamom,pecan,vanilla,egg
EasternEuropean,butter,cheese,onion,potato,egg_noodle,black_pepper,garlic,tomato,vegetable_oil,cabbage
EasternEuropean,celery,vinegar,carrot,onion,cream,bay
EasternEuropean,olive_oil,marjoram,wheat,onion,thyme,sage,black_pepper,celery,basil,chicken,rosemary,egg
EasternEuropean,tomato,lemon_juice,onion,beef,caraway,garlic,bell_pepper,vegetable_oil,green_bell_pepper,seed,beef_broth,cream
EasternEuropean,cream,egg,hazelnut
EasternEuropean,butter,cheese,pepper,wheat,onion,potato,vegetable_oil,cheddar_cheese,egg,cream
EasternEuropean,wheat,onion,roasted_pork,plum,beet,bell_pepper,vegetable_oil,cream
EasternEuropean,tomato,wheat,onion,vegetable_oil,beet,garlic,cumin
EasternEuropean,butter,dill,pork,wheat,onion,beef,potato,bacon,pepper,chicken,egg,mushroom
EasternEuropean,butter,vinegar,wheat,rum,egg,cream
EasternEuropean,wheat,onion,potato,egg,black_pepper,cottage_cheese
EasternEuropean,mozzarella_cheese,vegetable_oil,egg,garlic
EasternEuropean,tomato,pepper,green_bell_pepper,onion,beef,black_pepper,parsley,marjoram,oregano,vegetable_oil,rice,egg,cream
EasternEuropean,butter,wheat,sauerkraut,onion,bacon,lard,egg,milk,cream
EasternEuropean,butter,pepper,macaroni,mushroom,onion,bacon,sauerkraut
EasternEuropean,butter,wheat,yeast,raisin,walnut,milk_fat,lemon,egg,milk,cream
EasternEuropean,cocoa,coconut,lemon_juice,lemon,potato,rum,raisin
EasternEuropean,tomato,vinegar,pepper,green_bell_pepper,wheat,mustard,onion,yeast,bell_pepper,chicken,cheese
EasternEuropean,butter,cane_molasses,wheat,yeast,vanilla,egg,milk
EasternEuropean,butter,lemon,vanilla,cocoa,lard,wheat,egg,milk
EasternEuropean,butter,cane_molasses,wheat,potato,plum,lard,egg,bread
EasternEuropean,wheat,yeast,buckwheat,egg,milk,cream
EasternEuropean,egg_noodle,pork,black_pepper,cabbage
EasternEuropean,dill,black_pepper,honey,carrot,tomato,cabbage,cream,butter,vinegar,caraway,onion,potato,cider,celery,seed,beet,vegetable
EasternEuropean,butter,fruit,wheat,vanilla,milk,cream
EasternEuropean,lamb,pork,beef,black_pepper,cayenne,garlic,bell_pepper,egg
EasternEuropean,butter,lemon_juice,wheat,cinnamon,plum,almond,egg
EasternEuropean,vinegar,green_bell_pepper,onion,dill,chicken_broth,potato,black_pepper,celery,carrot,beet,bell_pepper,kidney_bean,garlic,chicken,soy_sauce
EasternEuropean,butter,wheat,apple,cream_cheese
EasternEuropean,green_bell_pepper,onion,potato,black_pepper,smoked_sausage,garlic,vegetable_oil,pork_sausage
EasternEuropean,butter,cream,egg,potato
EasternEuropean,seed,garlic,chicken_broth,fish,black_pepper,corn,bay
EasternEuropean,pepper,green_bell_pepper,onion,cabbage,sage,pork_sausage,cream
EasternEuropean,butter,cane_molasses,lemon,yeast,vanilla,almond,raisin,currant,cinnamon,orange,wheat,egg,milk
EasternEuropean,butter,dill,lemon,black_pepper,parsley,wheat,garlic,vegetable_oil,chicken,egg,bread
EasternEuropean,butter,wheat,yeast,vanilla,nutmeg,orange,egg,milk
EasternEuropean,butter,pepper,wheat,egg,milk,cottage_cheese
EasternEuropean,wheat,seed,egg,milk,yeast
EasternEuropean,butter,wheat,cream_cheese,vanilla,egg,walnut
EasternEuropean,wheat,thyme,onion,black_pepper,garlic,bell_pepper,lard,chicken,milk
EasternEuropean,tomato,dill,onion,vinegar,parsley,garlic,chive,vegetable_oil
EasternEuropean,juniper_berry,pepper,caraway,beef,seed,garlic,vegetable_oil,beef_broth
EasternEuropean,cane_molasses,pork,marjoram,garlic,meat,beef,black_pepper
EasternEuropean,butter,wheat,yeast,orange,egg,raisin,milk
EasternEuropean,tomato,butter,brussels_sprout,black_pepper,smoked_sausage,garlic,oregano,vegetable,pork_sausage
EasternEuropean,vinegar,pork,onion,potato,red_wine,pepper,beet,cream
EasternEuropean,butter,dill,milk,wheat,mushroom,potato,chicken_broth,black_pepper,bay,carrot,leek,cream
EasternEuropean,smoked_sausage,sauerkraut,pork_sausage
EasternEuropean,wheat,cinnamon,potato,vegetable_oil,raisin,egg,cream
EasternEuropean,butter,strawberry,wheat,cream_cheese
EasternEuropean,tomato,dill,green_bell_pepper,onion,cream
EasternEuropean,wheat,ham,mushroom,plum,black_pepper,onion,bay,bell_pepper,smoke,vegetable_oil,cream,chicken_broth,pork_sausage,sauerkraut
EasternEuropean,butter,wheat,yeast,vegetable_oil,raisin,egg,milk
EasternEuropean,butter,milk_fat,wheat,sesame_seed,yeast,egg,milk
EasternEuropean,lamb,tomato,green_bell_pepper,onion,cayenne,parsley,cumin,garlic,basil,mint,bread
EasternEuropean,wheat,rum,vegetable_oil,vanilla,egg,cream
EasternEuropean,pepper,wheat,sauerkraut,potato,bacon,cheddar_cheese,egg,cream
EasternEuropean,lamb,vinegar,lemon_juice,meat,onion,dill,red_wine,black_pepper,bay,beet,tomato,vegetable_oil,beef_broth,cabbage,cream
EasternEuropean,tomato,butter,green_bell_pepper,onion,potato,black_pepper,celery,carrot,beet,cabbage,dill,cream
EasternEuropean,butter,sauerkraut,mushroom,egg_noodle,onion,smoked_sausage,wheat_bread,swiss_cheese,milk,pork_sausage,mustard
EasternEuropean,pepper,lemon_juice,wheat,apple,plum,raisin,parsley,meat,celery,cream
EasternEuropean,butter,lemon,vanilla,almond,cottage_cheese,currant,cream_cheese,cream
EasternEuropean,pepper,wheat,onion,potato,vegetable_oil,egg
EasternEuropean,butter,wheat,yeast,vanilla,raisin,orange,vegetable_oil,egg,milk
EasternEuropean,tomato,olive_oil,green_bell_pepper,wheat,onion,potato,black_pepper,parsley,carrot,bell_pepper,vegetable,egg
EasternEuropean,butter,whiskey,vanilla,egg,wheat
EasternEuropean,butter,wheat,beef,onion,cabbage,bread
EasternEuropean,butter,lemon_juice,wheat,yeast,apricot,walnut,cinnamon,egg,milk,cream
EasternEuropean,pepper,wheat,onion,potato,vegetable_oil,egg
EasternEuropean,butter,wheat,vanilla,almond,egg,cream
EasternEuropean,butter,wheat,vanilla,cocoa,pecan,cinnamon,egg,cream
EasternEuropean,pepper,lemon,cod,onion,potato,parsley
EasternEuropean,butter,lemon,black_pepper,parsley,vegetable_oil,wheat,chicken,egg,bread
EasternEuropean,butter,vanilla,seed,wheat
EasternEuropean,olive_oil,pepper,mustard,vinegar,feta_cheese,red_wine,lettuce,garlic,bell_pepper,vegetable_oil,cabbage
EasternEuropean,cane_molasses,honey,rice,wheat,citrus,almond,ginger,cocoa,fruit,cinnamon,hazelnut,orange,lemon,butter,egg
EasternEuropean,lamb,vinegar,mustard,starch,shallot,red_wine,beef_broth,white_bread,mint
EasternEuropean,butter,orange_peel,red_wine,beet,vinegar,orange_juice
EasternEuropean,butter,wheat,onion,potato,black_pepper,nutmeg,vegetable_oil,cheddar_cheese,egg,cream
EasternEuropean,butter,cheese,wheat,cinnamon,cranberry,egg,walnut
EasternEuropean,butter,lemon_juice,wheat,cherry,vanilla,almond,milk,cherry_brandy,milk_fat,brandy,egg,corn
EasternEuropean,butter,wheat,cream_cheese,thyme,hazelnut,olive,black_pepper
EasternEuropean,butter,wheat,starch,apricot,vanilla,milk,milk_fat,hazelnut,egg,nut
EasternEuropean,butter,tomato,onion,chicken_broth,black_pepper,chicken
EasternEuropean,butter,vinegar,apple,onion,red_wine,black_pepper,bay,cabbage
EasternEuropean,tomato,dill,black_pepper,carrot,turnip,cream,butter,lemon,beef,onion,potato,parsley,parsnip,celery,beet,garlic
EasternEuropean,butter,milk_fat,wheat,yeast,buckwheat,egg,milk
EasternEuropean,coffee,wheat,almond,cherry_brandy,cocoa,vegetable_oil,egg,cream
EasternEuropean,cane_molasses,butter,wheat,corn,ginger,cocoa,cinnamon,egg,vanilla,cream
EasternEuropean,butter,wheat,yeast,almond,raisin,milk_fat,orange,egg,milk
EasternEuropean,butter,cheese,wheat,yeast,mozzarella_cheese,egg
EasternEuropean,butter,wheat,cherry,vanilla,almond,cherry_brandy,brandy,violet,vegetable_oil,egg,cream
EasternEuropean,vinegar,black_pepper,bell_pepper,garlic
EasternEuropean,cane_molasses,egg,hazelnut
EasternEuropean,vinegar,seed,cucumber,dill,garlic,white_wine
EasternEuropean,butter,lemon,fish,white_wine,bell_pepper,chive,chicken,egg,bread
EasternEuropean,butter,tomato,green_bell_pepper,wheat,onion,mushroom,dill,beef,white_wine,bell_pepper,beef_broth,cream
EasternEuropean,butter,caraway,mustard,onion,radish,cottage_cheese,seed,rye_flour,bell_pepper,scallion,bread
EasternEuropean,butter,wheat,yeast,caviar,buckwheat,salmon_roe,egg,milk,cream
